Customer ID,Recency,Frequency,Monetary,R_Score,F_Score,M_Score,RFM_Score,Segment
12346,326,1,77183.6,1,1,5,115,Cannot Lose Them
12347,2,7,4310.0,5,5,5,555,Champion
12348,75,4,1797.24,2,4,4,244,At Risk
12349,19,1,1757.55,4,1,4,414,New Customer
12350,310,1,334.4,1,1,2,112,Lost
12352,36,8,2506.04,3,5,5,355,Loyal Customer
12353,204,1,89.0,1,1,1,111,Lost
12354,232,1,1079.4,1,1,4,114,Cannot Lose Them
12355,214,1,459.4,1,1,2,112,Lost
12356,23,3,2811.43,4,3,5,435,Loyal Customer
12357,33,1,6207.67,4,1,5,415,New Customer
12358,2,2,1168.06,5,2,4,524,New Customer
12359,58,4,6372.58,3,4,5,345,Loyal Customer
12360,52,3,2662.06,3,3,5,335,Loyal Customer
12361,287,1,189.9,1,1,1,111,Lost
12362,3,10,5226.23,5,5,5,555,Champion
12363,110,2,552.0,2,2,3,223,Cannot Lose Them
12364,8,4,1313.1,5,4,4,544,Champion
12365,291,2,641.38,1,2,3,123,Cannot Lose Them
12367,4,1,168.9,5,1,1,511,New Customer
12370,51,4,3545.69,3,4,5,345,Loyal Customer
12371,45,2,1887.96,3,2,4,324,Lost
12372,72,3,1298.04,3,3,4,334,Loyal Customer
12373,311,1,364.6,1,1,2,112,Lost
12374,25,1,742.9300000000001,4,1,3,413,New Customer
12375,11,2,457.5,5,2,2,522,New Customer
12377,315,2,1628.12,1,2,4,124,Cannot Lose Them
12378,130,1,4008.62,2,1,5,215,Cannot Lose Them
12379,82,2,852.24,2,2,3,223,Cannot Lose Them
12380,22,4,2724.81,4,4,5,445,Champion
12381,5,5,1845.31,5,4,4,544,Champion
12383,185,5,1850.56,1,4,4,144,At Risk
12384,29,2,585.27,4,2,3,423,New Customer
12386,338,2,401.9,1,2,2,122,Lost
12388,16,6,2780.66,4,4,5,445,Champion
12390,80,1,549.84,2,1,3,213,Cannot Lose Them
12391,22,1,460.89,4,1,2,412,New Customer
12393,72,4,1582.6000000000001,3,4,4,344,Loyal Customer
12394,64,2,1272.48,3,2,4,324,Lost
12395,19,12,3018.63,4,5,5,455,Champion
12397,36,2,2409.9,3,2,5,325,Lost
12398,46,1,1635.6599999999999,3,1,4,314,Lost
12399,119,4,1108.65,2,4,4,244,At Risk
12401,303,1,84.3,1,1,1,111,Lost
12402,323,1,225.6,1,1,1,111,Lost
12403,50,1,427.7,3,1,2,312,Promising
12405,149,1,1710.39,2,1,4,214,Cannot Lose Them
12406,22,2,3415.3,4,2,5,425,New Customer
12407,50,5,1708.1200000000001,3,4,4,344,Loyal Customer
12408,33,5,2888.55,4,4,5,445,Champion
12409,79,3,11072.67,2,3,5,235,At Risk
12410,309,2,693.3299999999999,1,2,3,123,Cannot Lose Them
12412,75,3,1226.88,2,3,4,234,At Risk
12413,67,3,758.1,3,3,3,333,Loyal Customer
12414,217,3,562.41,1,3,3,133,At Risk
12415,24,21,124914.53,4,5,5,455,Champion
12417,3,9,3649.1,5,5,5,555,Champion
12418,113,1,668.58,2,1,3,213,Cannot Lose Them
12420,64,1,600.39,3,1,3,313,Lost
12421,16,4,807.04,4,4,3,443,Loyal Customer
12422,96,3,803.5600000000001,2,3,3,233,At Risk
12423,1,8,1859.31,5,5,4,554,Champion
12424,163,2,1760.96,2,2,4,224,Cannot Lose Them
12425,78,1,777.2,2,1,3,213,Cannot Lose Them
12426,195,1,582.73,1,1,3,113,Cannot Lose Them
12427,22,3,825.8,4,3,3,433,Loyal Customer
12428,26,9,7956.46,4,5,5,455,Champion
12429,9,4,3750.4,5,4,5,545,Champion
12430,43,1,256.4,3,1,2,312,Promising
12431,36,15,6487.45,3,5,5,355,Loyal Customer
12432,43,5,5059.32,3,4,5,345,Loyal Customer
12433,1,7,13375.87,5,5,5,555,Champion
12434,85,2,806.14,2,2,3,223,Cannot Lose Them
12435,80,2,7829.89,2,2,5,225,Cannot Lose Them
12436,100,1,509.01,2,1,3,213,Cannot Lose Them
12437,2,18,4951.41,5,5,5,555,Champion
12438,14,2,2906.85,4,2,5,425,New Customer
12441,367,1,173.55,1,1,1,111,Lost
12442,3,1,172.06,5,1,1,511,New Customer
12444,21,5,5005.46,4,4,5,445,Champion
12445,22,1,133.4,4,1,1,411,New Customer
12446,58,1,1002.3100000000001,3,1,4,314,Lost
12447,243,1,476.49,1,1,2,112,Lost
12448,44,1,449.45,3,1,2,312,Promising
12449,22,4,4067.29,4,4,5,445,Champion
12450,156,2,197.88,2,2,1,221,Lost
12451,11,5,9035.52,5,4,5,545,Champion
12452,17,2,430.57,4,2,2,422,New Customer
12453,134,1,707.09,2,1,3,213,Cannot Lose Them
12454,56,1,3528.34,3,1,5,315,Lost
12455,73,6,2466.86,2,4,5,245,At Risk
12456,44,3,3181.04,3,3,5,335,Loyal Customer
12457,66,7,2363.23,3,5,5,355,Loyal Customer
12458,71,2,947.4,3,2,4,324,Lost
12461,94,2,826.88,2,2,3,223,Cannot Lose Them
12462,19,2,1189.59,4,2,4,424,New Customer
12463,53,4,1344.78,3,4,4,344,Loyal Customer
12464,10,8,1212.05,5,5,4,554,Champion
12465,17,2,742.1899999999999,4,2,3,423,New Customer
12468,188,2,729.5400000000001,1,2,3,123,Cannot Lose Them
12471,2,30,19824.05,5,5,5,555,Champion
12472,32,7,6572.11,4,5,5,455,Champion
12473,29,5,3938.5499999999997,4,4,5,445,Champion
12474,17,18,7375.79,4,5,5,455,Champion
12475,54,1,723.38,3,1,3,313,Lost
12476,16,11,6816.42,4,5,5,455,Champion
12477,23,6,13219.74,4,4,5,445,Champion
12478,4,1,680.99,5,1,3,513,New Customer
12479,11,1,527.2,5,1,3,513,New Customer
12480,28,4,3281.63,4,4,5,445,Champion
12481,23,10,5596.32,4,5,5,455,Champion
12483,17,8,2484.98,4,5,5,455,Champion
12484,33,6,4541.72,4,4,5,445,Champion
12488,10,3,1298.66,5,3,4,534,Loyal Customer
12489,336,1,334.93,1,1,2,112,Lost
12490,5,10,5417.93,5,5,5,555,Champion
12491,39,1,460.40000000000003,3,1,2,312,Promising
12492,63,2,263.21000000000004,3,2,2,322,Promising
12493,166,2,433.74,2,2,2,222,Lost
12494,16,7,1246.1000000000001,4,5,4,454,Champion
12497,82,1,1043.1,2,1,4,214,Cannot Lose Them
12498,21,3,403.70000000000005,4,3,2,432,Loyal Customer
12500,23,11,4257.82,4,5,5,455,Champion
12501,337,1,2169.39,1,1,5,115,Cannot Lose Them
12502,96,5,3723.87,2,4,5,245,At Risk
12504,18,2,482.04999999999995,4,2,2,422,New Customer
12506,233,1,73.5,1,1,1,111,Lost
12507,134,3,1304.81,2,3,4,234,At Risk
12508,26,2,398.27,4,2,2,422,New Customer
12509,284,1,176.5,1,1,1,111,Lost
12510,143,2,982.5699999999999,2,2,4,224,Cannot Lose Them
12512,66,2,138.03,3,2,1,321,Promising
12513,113,1,612.29,2,1,3,213,Cannot Lose Them
12514,267,1,1017.68,1,1,4,114,Cannot Lose Them
12515,353,1,383.7,1,1,2,112,Lost
12516,78,2,1312.06,2,2,4,224,Cannot Lose Them
12517,28,5,2502.84,4,4,5,445,Champion
12518,1,5,2056.89,5,4,4,544,Champion
12519,64,1,340.84,3,1,2,312,Promising
12520,79,5,2634.26,2,4,5,245,At Risk
12521,143,1,599.68,2,1,3,213,Cannot Lose Them
12522,39,2,192.72,3,2,1,321,Promising
12523,19,11,1789.77,4,5,4,454,Champion
12524,9,8,4485.72,5,5,5,555,Champion
12526,1,3,1316.66,5,3,4,534,Loyal Customer
12527,82,3,348.71000000000004,2,3,2,232,At Risk
12528,9,6,1933.48,5,5,4,554,Champion
12530,60,4,1662.28,3,4,4,344,Loyal Customer
12531,15,1,125.22,4,1,1,411,New Customer
12532,30,1,349.83000000000004,4,1,2,412,New Customer
12534,131,1,1089.18,2,1,4,214,Cannot Lose Them
12535,92,2,716.35,2,2,3,223,Cannot Lose Them
12536,43,3,12601.830000000002,3,3,5,335,Loyal Customer
12538,29,1,363.95,4,1,2,412,New Customer
12539,22,4,5568.35,4,4,5,445,Champion
12540,20,17,13400.24,4,5,5,455,Champion
12541,30,3,981.18,4,3,4,434,Loyal Customer
12544,36,1,372.7,3,1,2,312,Promising
12545,75,2,1000.39,2,2,4,224,Cannot Lose Them
12546,47,2,1161.5,3,2,4,324,Lost
12547,198,2,207.79999999999998,1,2,1,121,Lost
12548,166,1,95.19999999999999,2,1,1,211,Lost
12550,79,1,964.83,2,1,4,214,Cannot Lose Them
12551,358,1,168.0,1,1,1,111,Lost
12552,39,2,437.82,3,2,2,322,Promising
12553,8,10,3692.28,5,5,5,555,Champion
12556,50,2,603.71,3,2,3,323,Lost
12557,16,5,11990.960000000001,4,4,5,445,Champion
12558,8,1,269.96,5,1,2,512,New Customer
12559,311,2,561.71,1,2,3,123,Cannot Lose Them
12560,5,3,2134.01,5,3,5,535,Loyal Customer
12561,303,1,238.85,1,1,1,111,Lost
12562,8,7,3781.7400000000002,5,5,5,555,Champion
12564,261,1,456.9,1,1,2,112,Lost
12565,289,1,145.92,1,1,1,111,Lost
12566,86,1,351.65,2,1,2,212,Lost
12567,23,10,9401.28,4,5,5,455,Champion
12569,2,32,4124.69,5,5,5,555,Champion
12571,40,2,519.61,3,2,3,323,Lost
12572,9,2,1020.42,5,2,4,524,New Customer
12573,227,1,160.54000000000002,1,1,1,111,Lost
12574,316,1,218.45,1,1,1,111,Lost
12576,36,5,1315.83,3,4,4,344,Loyal Customer
12577,35,3,657.8,3,3,3,333,Loyal Customer
12578,21,2,2794.51,4,2,5,425,New Customer
12579,78,1,440.42,2,1,2,212,Lost
12580,247,1,415.7,1,1,2,112,Lost
12581,40,1,197.71,3,1,1,311,Promising
12582,239,2,511.36,1,2,3,123,Cannot Lose Them
12583,3,15,7281.38,5,5,5,555,Champion
12584,4,9,2338.15,5,5,5,555,Champion
12585,234,2,2040.1,1,2,4,124,Cannot Lose Them
12586,17,1,196.94000000000003,4,1,1,411,New Customer
12587,8,1,144.0,5,1,1,511,New Customer
12588,39,1,214.89999999999998,3,1,1,311,Promising
12589,29,2,646.68,4,2,3,423,New Customer
12590,211,2,9864.26,1,2,5,125,Cannot Lose Them
12591,317,1,452.84999999999997,1,1,2,112,Lost
12592,92,2,437.6,2,2,2,222,Lost
12593,109,3,418.09999999999997,2,3,2,232,At Risk
12594,38,10,3338.2200000000003,3,5,5,355,Loyal Customer
12596,51,2,618.27,3,2,3,323,Lost
12597,19,4,3811.22,4,4,5,445,Champion
12598,10,8,3023.08,5,5,5,555,Champion
12599,29,7,1032.58,4,5,4,454,Champion
12600,29,10,2599.04,4,5,5,455,Champion
12601,190,5,577.0600000000001,1,4,3,143,At Risk
12602,59,1,153.12,3,1,1,311,Promising
12603,22,1,739.1999999999999,4,1,3,413,New Customer
12604,79,2,254.18,2,2,2,222,Lost
12607,60,1,1579.51,3,1,4,314,Lost
12609,78,3,1126.85,2,3,4,234,At Risk
12610,23,5,2099.54,4,4,5,445,Champion
12611,52,1,1193.32,3,1,4,314,Lost
12612,74,1,704.0400000000001,2,1,3,213,Cannot Lose Them
12613,57,5,3344.38,3,4,5,345,Loyal Customer
12614,278,1,315.6,1,1,2,112,Lost
12615,2,4,2291.19,5,4,5,545,Champion
12616,95,2,713.3,2,2,3,223,Cannot Lose Them
12617,29,1,355.53,4,1,2,412,New Customer
12618,22,1,177.31,4,1,1,411,New Customer
12619,16,9,3641.24,4,5,5,455,Champion
12620,15,3,1339.41,4,3,4,434,Loyal Customer
12621,2,20,13689.67,5,5,5,555,Champion
12622,232,1,180.1,1,1,1,111,Lost
12623,276,1,305.1,1,1,2,112,Lost
12624,106,2,641.13,2,2,3,223,Cannot Lose Them
12625,212,2,2683.82,1,2,5,125,Cannot Lose Them
12626,23,9,6620.48,4,5,5,455,Champion
12627,11,7,4478.53,5,5,5,555,Champion
12628,4,3,786.46,5,3,3,533,Loyal Customer
12630,10,2,1270.88,5,2,4,524,New Customer
12631,57,1,640.5,3,1,3,313,Lost
12633,59,4,2163.98,3,4,5,345,Loyal Customer
12635,90,2,1689.18,2,2,4,224,Cannot Lose Them
12637,67,8,6021.9,3,5,5,355,Loyal Customer
12638,33,1,671.69,4,1,3,413,New Customer
12639,239,1,486.1,1,1,2,112,Lost
12640,24,3,1174.58,4,3,4,434,Loyal Customer
12641,115,1,185.9,2,1,1,211,Lost
12642,25,3,1013.26,4,3,4,434,Loyal Customer
12643,128,6,3344.64,2,5,5,255,At Risk
12644,130,1,477.91,2,1,2,212,Lost
12645,34,4,1775.18,3,4,4,344,Loyal Customer
12646,5,2,1346.97,5,2,4,524,New Customer
12647,22,12,3722.82,4,5,5,455,Champion
12648,155,1,318.05,2,1,2,212,Lost
12649,107,3,623.51,2,3,3,233,At Risk
12650,3,1,314.44,5,1,2,512,New Customer
12651,335,1,114.0,1,1,1,111,Lost
12652,331,1,919.98,1,1,3,113,Cannot Lose Them
12653,149,2,2209.85,2,2,5,225,Cannot Lose Them
12654,11,5,601.98,5,4,3,543,Loyal Customer
12656,17,5,4051.17,4,4,5,445,Champion
12657,11,4,1643.18,5,4,4,544,Champion
12658,19,1,686.05,4,1,3,413,New Customer
12659,30,1,91.68,4,1,1,411,New Customer
12660,11,1,245.1,5,1,1,511,New Customer
12662,1,11,3849.78,5,5,5,555,Champion
12664,8,9,4881.88,5,5,5,555,Champion
12665,325,1,63.0,1,1,1,111,Lost
12667,58,1,620.13,3,1,3,313,Lost
12668,12,4,3807.15,5,4,5,545,Champion
12669,151,3,2744.0299999999997,2,3,5,235,At Risk
12670,10,5,2996.05,5,4,5,545,Champion
12672,330,1,225.89999999999998,1,1,1,111,Lost
12673,5,2,610.52,5,2,3,523,New Customer
12674,39,4,1970.6,3,4,4,344,Loyal Customer
12676,25,6,1331.39,4,5,4,454,Champion
12678,42,12,17628.46,3,5,5,355,Loyal Customer
12679,59,4,1113.02,3,4,4,344,Loyal Customer
12680,1,4,880.81,5,4,3,543,Loyal Customer
12681,15,22,13787.54,4,5,5,455,Champion
12682,4,31,12288.22,5,5,5,555,Champion
12683,4,15,8476.57,5,5,5,555,Champion
12684,8,7,2283.63,5,5,5,555,Champion
12685,28,6,2863.08,4,5,5,455,Champion
12686,372,1,89.14,1,1,1,111,Lost
12688,114,1,4873.8099999999995,2,1,5,215,Cannot Lose Them
12689,26,2,1247.61,4,2,4,424,New Customer
12690,206,1,389.01,1,1,2,112,Lost
12691,28,6,1035.8,4,5,4,454,Champion
12693,127,4,855.91,2,4,3,243,At Risk
12694,70,2,869.67,3,2,3,323,Lost
12695,7,4,582.1,5,4,3,543,Loyal Customer
12697,29,3,957.59,4,3,4,434,Loyal Customer
12700,8,4,4939.99,5,4,5,545,Champion
12701,80,2,797.71,2,2,3,223,Cannot Lose Them
12702,20,1,219.0,4,1,1,411,New Customer
12703,71,1,283.55,3,1,2,312,Promising
12704,7,8,2340.84,5,5,5,555,Champion
12705,15,9,6868.29,4,5,5,455,Champion
12707,292,1,603.42,1,1,3,113,Cannot Lose Them
12708,30,10,2712.91,4,5,5,455,Champion
12709,15,15,9736.52,4,5,5,455,Champion
12710,97,3,1149.02,2,3,4,234,At Risk
12712,29,13,4396.13,4,5,5,455,Champion
12713,1,1,848.55,5,1,3,513,New Customer
12714,9,5,4708.86,5,4,5,545,Champion
12715,106,1,353.86,2,1,2,212,Lost
12716,4,2,1053.49,5,2,4,524,New Customer
12717,151,2,1030.98,2,2,4,224,Cannot Lose Them
12718,71,1,238.25,3,1,1,311,Promising
12719,5,2,644.95,5,2,3,523,New Customer
12720,3,25,5781.73,5,5,5,555,Champion
12721,32,6,2656.13,4,5,5,455,Champion
12722,85,4,997.63,2,4,4,244,At Risk
12723,4,5,725.07,5,4,3,543,Loyal Customer
12724,5,4,1031.41,5,4,4,544,Champion
12725,371,1,427.8,1,1,2,112,Lost
12726,28,7,2609.1,4,5,5,455,Champion
12727,11,7,3980.7,5,5,5,555,Champion
12728,71,4,836.33,3,4,3,343,Loyal Customer
12729,114,1,453.01,2,1,2,212,Lost
12731,24,12,18895.91,4,5,5,455,Champion
12732,180,1,236.26000000000002,1,1,1,111,Lost
12733,234,1,383.95,1,1,2,112,Lost
12734,353,1,110.39999999999999,1,1,1,111,Lost
12735,315,2,779.5699999999999,1,2,3,123,Cannot Lose Them
12736,333,1,234.0,1,1,1,111,Lost
12738,372,1,155.35,1,1,1,111,Lost
12739,78,2,1013.04,2,2,4,224,Cannot Lose Them
12740,64,1,427.6,3,1,2,312,Promising
12743,134,2,546.43,2,2,3,223,Cannot Lose Them
12744,52,7,21279.29,3,5,5,355,Loyal Customer
12747,2,11,4196.01,5,5,5,555,Champion
12748,1,209,33719.73,5,5,5,555,Champion
12749,4,5,4090.88,5,4,5,545,Champion
12750,129,1,275.88,2,1,2,212,Lost
12752,81,1,4366.78,2,1,5,215,Cannot Lose Them
12753,23,6,21429.39,4,5,5,455,Champion
12754,236,3,3010.74,1,3,5,135,At Risk
12755,281,2,3811.95,1,2,5,125,Cannot Lose Them
12756,87,1,112.07999999999998,2,1,1,211,Lost
12757,16,13,7857.1,4,5,5,455,Champion
12758,117,2,2791.59,2,2,5,225,Cannot Lose Them
12759,52,3,1531.44,3,3,4,334,Loyal Customer
12762,8,2,1898.52,5,2,4,524,New Customer
12763,138,2,494.08,2,2,3,223,Cannot Lose Them
12764,317,1,1693.88,1,1,4,114,Cannot Lose Them
12766,4,7,6989.63,5,5,5,555,Champion
12769,239,1,1143.6,1,1,4,114,Cannot Lose Them
12770,211,1,1351.45,1,1,4,114,Cannot Lose Them
12772,60,1,892.47,3,1,3,313,Lost
12775,17,5,1386.04,4,4,4,444,Champion
12778,20,6,822.23,4,5,3,453,Loyal Customer
12779,38,8,3981.36,3,5,5,355,Loyal Customer
12781,64,2,826.74,3,2,3,323,Lost
12782,5,5,2330.92,5,4,5,545,Champion
12783,2,6,2225.91,5,5,5,555,Champion
12784,9,2,574.42,5,2,3,523,New Customer
12785,364,1,311.95,1,1,2,112,Lost
12787,10,3,463.66,5,3,2,532,Loyal Customer
12789,65,1,91.85,3,1,1,311,Promising
12790,192,1,324.92,1,1,2,112,Lost
12791,374,1,192.60000000000002,1,1,1,111,Lost
12792,257,1,400.53999999999996,1,1,2,112,Lost
12793,335,2,545.48,1,2,3,123,Cannot Lose Them
12794,53,2,860.41,3,2,3,323,Lost
12795,19,1,430.48,4,1,2,412,New Customer
12797,366,1,254.03,1,1,2,112,Lost
12798,10,3,6977.04,5,3,5,535,Loyal Customer
12802,187,1,427.58,1,1,2,112,Lost
12808,37,3,483.65000000000003,3,3,2,332,Loyal Customer
12809,178,1,489.31,2,1,2,212,Lost
12811,261,3,514.85,1,3,3,133,At Risk
12812,45,1,229.64000000000001,3,1,1,311,Promising
12814,102,1,125.92,2,1,1,211,Lost
12815,148,2,1063.46,2,2,4,224,Cannot Lose Them
12816,96,2,572.2,2,2,3,223,Cannot Lose Them
12817,281,1,166.04,1,1,1,111,Lost
12818,262,1,1542.08,1,1,4,114,Cannot Lose Them
12820,3,4,942.34,5,4,4,544,Champion
12821,214,1,92.72,1,1,1,111,Lost
12822,71,2,948.88,3,2,4,324,Lost
12823,75,5,1759.5,2,4,4,244,At Risk
12824,60,1,397.12,3,1,2,312,Promising
12826,3,7,1474.72,5,5,4,554,Champion
12827,6,3,430.15000000000003,5,3,2,532,Loyal Customer
12828,3,6,1018.71,5,5,4,554,Champion
12829,337,2,293.0,1,2,2,122,Lost
12830,38,6,6814.64,3,5,5,355,Loyal Customer
12831,262,1,215.05,1,1,1,111,Lost
12832,32,2,383.03,4,2,2,422,New Customer
12833,145,1,417.38,2,1,2,212,Lost
12834,283,1,312.38,1,1,2,112,Lost
12836,59,4,2612.86,3,4,5,345,Loyal Customer
12837,173,1,134.1,2,1,1,211,Lost
12838,34,2,683.13,3,2,3,323,Lost
12839,3,14,5591.42,5,5,5,555,Champion
12840,144,4,2726.77,2,4,5,245,At Risk
12841,5,25,4022.35,5,5,5,555,Champion
12842,70,2,1118.99,3,2,4,324,Lost
12843,66,8,1702.26,3,5,4,354,Loyal Customer
12844,29,2,325.96000000000004,4,2,2,422,New Customer
12845,267,4,354.09,1,4,2,142,At Risk
12847,22,1,871.54,4,1,3,413,New Customer
12849,31,2,1050.8899999999999,4,2,4,424,New Customer
12851,97,1,135.18,2,1,1,211,Lost
12852,295,1,311.55,1,1,2,112,Lost
12853,135,6,1957.1000000000001,2,5,4,254,At Risk
12854,79,3,1324.5,2,3,4,234,At Risk
12855,373,1,38.1,1,1,1,111,Lost
12856,8,6,2179.93,5,5,5,555,Champion
12857,211,2,1106.4,1,2,4,124,Cannot Lose Them
12863,52,1,521.2,3,1,3,313,Lost
12864,138,1,147.12,2,1,1,211,Lost
12865,26,2,1568.23,4,2,4,424,New Customer
12866,283,1,559.12,1,1,3,113,Cannot Lose Them
12867,26,7,4036.82,4,5,5,455,Champion
12868,186,6,1607.0600000000002,1,5,4,154,At Risk
12871,84,2,380.64,2,2,2,222,Lost
12872,327,2,599.97,1,2,3,123,Cannot Lose Them
12873,282,1,374.0,1,1,2,112,Lost
12875,143,2,343.2300000000001,2,2,2,222,Lost
12876,58,2,2218.02,3,2,5,325,Lost
12877,4,12,1535.77,5,5,4,554,Champion
12878,236,2,854.99,1,2,3,123,Cannot Lose Them
12879,45,3,573.22,3,3,3,333,Loyal Customer
12881,276,1,298.0,1,1,2,112,Lost
12882,9,2,1463.04,5,2,4,524,New Customer
12883,25,4,703.47,4,4,3,443,Loyal Customer
12884,88,1,309.05,2,1,2,212,Lost
12885,63,3,1175.22,3,3,4,334,Loyal Customer
12886,68,2,1378.4,3,2,4,324,Lost
12888,214,2,354.12,1,2,2,122,Lost
12890,24,1,380.46999999999997,4,1,2,412,New Customer
12891,186,3,331.0,1,3,2,132,At Risk
12893,31,1,188.14,4,1,1,411,New Customer
12895,42,2,372.8,3,2,2,322,Promising
12897,205,2,216.5,1,2,1,121,Lost
12901,9,28,17654.54,5,5,5,555,Champion
12902,265,1,138.68,1,1,1,111,Lost
12904,18,2,509.58,4,2,3,423,New Customer
12906,12,5,2919.81,5,4,5,545,Champion
12908,176,2,750.0,2,2,3,223,Cannot Lose Them
12909,40,5,2178.67,3,4,5,345,Loyal Customer
12910,23,8,3075.04,4,5,5,455,Champion
12912,3,5,1662.3,5,4,4,544,Champion
12913,5,5,2483.63,5,4,5,545,Champion
12915,149,2,363.65,2,2,2,222,Lost
12916,139,4,3006.15,2,4,5,245,At Risk
12917,128,1,594.0,2,1,3,213,Cannot Lose Them
12919,8,6,1335.19,5,5,4,554,Champion
12920,17,1,164.23,4,1,1,411,New Customer
12921,9,37,16587.09,5,5,5,555,Champion
12922,161,1,405.38,2,1,2,212,Lost
12923,64,1,176.97,3,1,1,311,Promising
12924,88,4,933.7,2,4,3,243,At Risk
12925,5,2,694.05,5,2,3,523,New Customer
12928,35,5,2062.7000000000003,3,4,5,345,Loyal Customer
12929,312,1,117.85,1,1,1,111,Lost
12930,78,2,415.8,2,2,2,222,Lost
12931,22,15,42055.96,4,5,5,455,Champion
12933,24,3,607.53,4,3,3,433,Loyal Customer
12935,2,7,2160.7,5,5,5,555,Champion
12936,17,4,1063.9,4,4,4,444,Champion
12937,15,4,1504.27,4,4,4,444,Champion
12938,26,1,114.14,4,1,1,411,New Customer
12939,64,8,11581.8,3,5,5,355,Loyal Customer
12940,55,2,913.54,3,2,3,323,Lost
12942,131,3,683.9,2,3,3,233,At Risk
12944,36,2,604.51,3,2,3,323,Lost
12945,288,1,462.95,1,1,2,112,Lost
12947,144,6,1603.99,2,5,4,254,At Risk
12948,16,7,2064.95,4,5,5,455,Champion
12949,31,8,4167.22,4,5,5,455,Champion
12950,2,3,1843.0,5,3,4,534,Loyal Customer
12951,9,6,1064.07,5,5,4,554,Champion
12952,6,4,1387.79,5,4,4,544,Champion
12953,10,1,329.85,5,1,2,512,New Customer
12955,1,11,4757.16,5,5,5,555,Champion
12956,306,1,108.07,1,1,1,111,Lost
12957,10,8,4017.54,5,5,5,555,Champion
12962,7,2,266.39,5,2,2,522,New Customer
12963,8,8,1856.63,5,5,4,554,Champion
12965,89,1,771.91,2,1,3,213,Cannot Lose Them
12966,10,1,160.18,5,1,1,511,New Customer
12967,358,2,1660.9,1,2,4,124,Cannot Lose Them
12968,112,1,135.95,2,1,1,211,Lost
12970,7,4,452.24,5,4,2,542,Loyal Customer
12971,4,86,11189.91,5,5,5,555,Champion
12974,198,1,144.8,1,1,1,111,Lost
12976,212,1,738.6,1,1,3,113,Cannot Lose Them
12977,156,1,39.239999999999995,2,1,1,211,Lost
12980,158,9,7374.900000000001,2,5,5,255,At Risk
12981,30,2,372.21999999999997,4,2,2,422,New Customer
12982,243,1,390.54,1,1,2,112,Lost
12984,19,1,97.5,4,1,1,411,New Customer
12985,1,2,1239.38,5,2,4,524,New Customer
12987,74,2,558.7,2,2,3,223,Cannot Lose Them
12988,292,1,535.32,1,1,3,113,Cannot Lose Them
12989,3,15,6924.110000000001,5,5,5,555,Champion
12990,31,3,409.5,4,3,2,432,Loyal Customer
12991,23,2,503.76,4,2,3,423,New Customer
12993,23,4,414.76,4,4,2,442,Loyal Customer
12994,4,3,974.4200000000001,5,3,4,534,Loyal Customer
12995,85,1,211.32,2,1,1,211,Lost
12997,22,4,1226.89,4,4,4,444,Champion
12999,196,3,455.88,1,3,2,132,At Risk
13000,107,3,534.85,2,3,3,233,At Risk
13001,4,13,9818.82,5,5,5,555,Champion
13002,318,1,120.94999999999999,1,1,1,111,Lost
13003,106,3,149.05,2,3,1,231,At Risk
13004,12,18,5655.91,5,5,5,555,Champion
13005,174,2,513.7,2,2,3,223,Cannot Lose Them
13006,56,1,81.57,3,1,1,311,Promising
13008,323,1,229.46999999999997,1,1,1,111,Lost
13011,372,1,50.550000000000004,1,1,1,111,Lost
13012,9,8,1661.8400000000001,5,5,4,554,Champion
13013,1,13,4810.9400000000005,5,5,5,555,Champion
13014,11,10,3466.2799999999997,5,5,5,555,Champion
13015,53,5,3346.28,3,4,5,345,Loyal Customer
13016,73,3,789.89,2,3,3,233,At Risk
13017,7,1,204.0,5,1,1,511,New Customer
13018,16,28,7277.7,4,5,5,455,Champion
13021,4,9,2616.38,5,5,5,555,Champion
13023,64,2,689.9,3,2,3,323,Lost
13026,1,5,975.36,5,4,4,544,Champion
13027,114,6,6912.0,2,5,5,255,At Risk
13028,23,2,661.3199999999999,4,2,3,423,New Customer
13029,31,3,1247.5,4,3,4,434,Loyal Customer
13030,11,2,799.48,5,2,3,523,New Customer
13032,52,2,1010.18,3,2,4,324,Lost
13033,357,1,190.55,1,1,1,111,Lost
13034,55,2,642.77,3,2,3,323,Lost
13035,74,2,921.88,2,2,3,223,Cannot Lose Them
13037,138,3,881.07,2,3,3,233,At Risk
13038,80,3,908.46,2,3,3,233,At Risk
13040,9,2,676.99,5,2,3,523,New Customer
13043,273,1,516.42,1,1,3,113,Cannot Lose Them
13044,291,1,560.47,1,1,3,113,Cannot Lose Them
13045,99,1,305.28000000000003,2,1,2,212,Lost
13046,31,2,629.31,4,2,3,423,New Customer
13047,32,10,3237.54,4,5,5,455,Champion
13048,14,4,1835.91,4,4,4,444,Champion
13049,64,2,656.6800000000001,3,2,3,323,Lost
13050,15,17,5836.86,4,5,5,455,Champion
13052,212,1,348.15000000000003,1,1,2,112,Lost
13055,78,3,1214.41,2,3,4,234,At Risk
13058,25,3,271.40000000000003,4,3,2,432,Loyal Customer
13059,250,1,183.4,1,1,1,111,Lost
13060,254,1,307.53,1,1,2,112,Lost
13061,72,1,248.61,3,1,1,311,Promising
13062,191,1,346.98,1,1,2,112,Lost
13064,13,4,1119.49,5,4,4,544,Champion
13065,373,1,205.86,1,1,1,111,Lost
13066,24,2,470.8,4,2,2,422,New Customer
13067,82,1,115.46000000000001,2,1,1,211,Lost
13068,10,2,344.0,5,2,2,522,New Customer
13069,1,24,4436.12,5,5,5,555,Champion
13070,192,1,228.8,1,1,1,111,Lost
13072,267,1,177.15,1,1,1,111,Lost
13075,130,1,919.61,2,1,3,213,Cannot Lose Them
13077,1,4,729.27,5,4,3,543,Loyal Customer
13078,3,26,12627.94,5,5,5,555,Champion
13079,4,5,220.10000000000002,5,4,1,541,Loyal Customer
13080,179,1,58.08,2,1,1,211,Lost
13081,12,11,28337.38,5,5,5,555,Champion
13082,126,9,3613.63,2,5,5,255,At Risk
13083,4,2,303.75,5,2,2,522,New Customer
13085,158,2,416.08000000000004,2,2,2,222,Lost
13089,3,97,58825.83,5,5,5,555,Champion
13090,9,14,8910.82,5,5,5,555,Champion
13091,28,1,345.82,4,1,2,412,New Customer
13092,71,5,477.83,3,4,2,342,Loyal Customer
13093,276,8,7832.47,1,5,5,155,At Risk
13094,21,12,1927.3200000000002,4,5,4,454,Champion
13095,71,1,74.39999999999999,3,1,1,311,Promising
13097,33,10,6010.42,4,5,5,455,Champion
13098,1,28,28882.44,5,5,5,555,Champion
13099,99,1,207.35999999999999,2,1,1,211,Lost
13101,234,1,101.19,1,1,1,111,Lost
13102,1,24,6424.09,5,5,5,555,Champion
13103,40,1,243.94,3,1,1,311,Promising
13104,3,6,1098.48,5,5,4,554,Champion
13106,133,1,76.5,2,1,1,211,Lost
13107,44,4,1531.6200000000001,3,4,4,344,Loyal Customer
13108,373,1,350.06,1,1,2,112,Lost
13109,60,2,786.54,3,2,3,323,Lost
13110,31,7,1488.67,4,5,4,454,Champion
13113,1,24,12245.960000000001,5,5,5,555,Champion
13115,12,4,2294.78,5,4,5,545,Champion
13116,138,1,501.14,2,1,3,213,Cannot Lose Them
13117,22,8,984.91,4,5,4,454,Champion
13118,20,5,1197.81,4,4,4,444,Champion
13120,239,1,30.599999999999998,1,1,1,111,Lost
13121,269,1,283.73,1,1,2,112,Lost
13122,94,2,922.39,2,2,3,223,Cannot Lose Them
13124,90,3,3866.33,2,3,5,235,At Risk
13126,5,8,2099.64,5,5,5,555,Champion
13127,78,1,259.17,2,1,2,212,Lost
13130,94,1,64.0,2,1,1,211,Lost
13131,23,3,1073.3,4,3,4,434,Loyal Customer
13132,262,1,77.3,1,1,1,111,Lost
13133,274,2,109.8,1,2,1,121,Lost
13134,86,4,1793.58,2,4,4,244,At Risk
13135,197,1,3096.0,1,1,5,115,Cannot Lose Them
13136,56,5,2607.61,3,4,5,345,Loyal Customer
13137,11,8,3650.41,5,5,5,555,Champion
13138,22,6,962.39,4,5,4,454,Champion
13139,16,7,5064.94,4,5,5,455,Champion
13140,108,3,423.72,2,3,2,232,At Risk
13141,85,5,2388.75,2,4,5,245,At Risk
13142,19,1,307.09,4,1,2,412,New Customer
13144,333,1,110.95,1,1,1,111,Lost
13145,40,4,618.52,3,4,3,343,Loyal Customer
13146,26,1,228.91,4,1,1,411,New Customer
13147,10,4,712.8000000000001,5,4,3,543,Loyal Customer
13148,29,12,3707.12,4,5,5,455,Champion
13149,14,4,1676.06,4,4,4,444,Champion
13151,296,1,1257.8700000000001,1,1,4,114,Cannot Lose Them
13153,6,1,486.22,5,1,2,512,New Customer
13155,33,4,971.76,4,4,4,444,Champion
13157,49,4,1741.22,3,4,4,344,Loyal Customer
13158,95,4,1201.06,2,4,4,244,At Risk
13159,9,4,1437.85,5,4,4,544,Champion
13160,22,1,91.8,4,1,1,411,New Customer
13161,313,1,112.75,1,1,1,111,Lost
13162,122,4,1688.29,2,4,4,244,At Risk
13165,46,2,1021.48,3,2,4,324,Lost
13166,283,1,417.2,1,1,2,112,Lost
13167,19,4,791.33,4,4,3,443,Loyal Customer
13168,36,4,1319.19,3,4,4,344,Loyal Customer
13169,64,2,712.88,3,2,3,323,Lost
13170,27,1,116.00999999999999,4,1,1,411,New Customer
13171,22,3,468.41,4,3,2,432,Loyal Customer
13173,4,2,353.65,5,2,2,522,New Customer
13174,16,3,2817.03,4,3,5,435,Loyal Customer
13176,46,1,492.84,3,1,3,313,Lost
13177,65,1,282.45,3,1,2,312,Promising
13178,26,11,5725.47,4,5,5,455,Champion
13182,45,1,121.18,3,1,1,311,Promising
13183,8,9,3957.78,5,5,5,555,Champion
13184,15,10,1701.29,4,5,4,454,Champion
13185,268,1,71.4,1,1,1,111,Lost
13186,40,3,1575.89,3,3,4,334,Loyal Customer
13187,337,1,236.02,1,1,1,111,Lost
13188,11,1,114.60000000000001,5,1,1,511,New Customer
13189,19,2,260.68,4,2,2,422,New Customer
13192,95,2,911.94,2,2,3,223,Cannot Lose Them
13193,61,1,117.88,3,1,1,311,Promising
13194,136,1,60.7,2,1,1,211,Lost
13196,11,4,1797.78,5,4,4,544,Champion
13198,10,6,3401.2400000000002,5,5,5,555,Champion
13199,4,38,9817.12,5,5,5,555,Champion
13200,19,4,870.09,4,4,3,443,Loyal Customer
13203,10,4,869.46,5,4,3,543,Loyal Customer
13207,15,2,250.26000000000002,4,2,2,422,New Customer
13208,59,6,1223.9,3,5,4,354,Loyal Customer
13209,30,8,5891.61,4,5,5,455,Champion
13210,94,1,353.48,2,1,2,212,Lost
13211,10,3,1197.42,5,3,4,534,Loyal Customer
13212,20,3,788.08,4,3,3,433,Loyal Customer
13213,57,5,1520.58,3,4,4,344,Loyal Customer
13216,268,1,333.74,1,1,2,112,Lost
13217,122,3,533.98,2,3,3,233,At Risk
13218,127,1,62.63999999999999,2,1,1,211,Lost
13220,78,4,819.2900000000001,2,4,3,243,At Risk
13221,240,2,847.41,1,2,3,123,Cannot Lose Them
13223,200,2,163.20000000000002,1,2,1,121,Lost
13224,60,2,2155.95,3,2,5,325,Lost
13225,3,7,6463.84,5,5,5,555,Champion
13226,273,1,108.21000000000001,1,1,1,111,Lost
13227,202,1,257.7,1,1,2,112,Lost
13228,81,1,358.0,2,1,2,212,Lost
13229,226,1,160.95,1,1,1,111,Lost
13230,4,14,2806.97,5,5,5,555,Champion
13232,13,7,1357.6,5,5,4,554,Champion
13233,74,2,605.12,2,2,3,223,Cannot Lose Them
13235,212,1,1031.07,1,1,4,114,Cannot Lose Them
13236,25,2,744.85,4,2,3,423,New Customer
13238,17,4,700.73,4,4,3,443,Loyal Customer
13239,262,1,329.56,1,1,2,112,Lost
13240,96,4,663.65,2,4,3,243,At Risk
13242,112,3,270.40000000000003,2,3,2,232,At Risk
13243,203,1,600.07,1,1,3,113,Cannot Lose Them
13244,93,1,121.74000000000001,2,1,1,211,Lost
13245,51,1,430.5,3,1,2,312,Promising
13246,18,6,1987.3,4,5,4,454,Champion
13247,18,4,501.12,4,4,3,443,Loyal Customer
13248,125,2,465.68,2,2,2,222,Lost
13249,92,3,711.41,2,3,3,233,At Risk
13253,157,2,1030.4,2,2,4,224,Cannot Lose Them
13255,9,2,399.51,5,2,2,522,New Customer
13258,12,3,698.58,5,3,3,533,Loyal Customer
13259,62,1,292.32,3,1,2,312,Promising
13260,61,1,557.62,3,1,3,313,Lost
13261,269,2,944.1,1,2,4,124,Cannot Lose Them
13262,263,1,200.29,1,1,1,111,Lost
13263,1,35,7454.07,5,5,5,555,Champion
13265,53,5,2107.66,3,4,5,345,Loyal Customer
13266,11,12,3834.2599999999998,5,5,5,555,Champion
13267,3,19,4521.49,5,5,5,555,Champion
13268,18,11,3214.69,4,5,5,455,Champion
13269,1,15,5346.2300000000005,5,5,5,555,Champion
13270,366,1,590.0,1,1,3,113,Cannot Lose Them
13271,37,1,217.38,3,1,1,311,Promising
13272,31,2,276.56,4,2,2,422,New Customer
13273,113,1,138.98,2,1,1,211,Lost
13276,64,2,590.9300000000001,3,2,3,323,Lost
13277,16,4,258.4,4,4,2,442,Loyal Customer
13278,41,1,542.73,3,1,3,313,Lost
13279,78,1,137.75,2,1,1,211,Lost
13280,122,3,814.86,2,3,3,233,At Risk
13282,18,3,1132.14,4,3,4,434,Loyal Customer
13283,60,2,93.66,3,2,1,321,Promising
13284,331,1,201.19,1,1,1,111,Lost
13285,23,4,2709.12,4,4,5,445,Champion
13291,156,1,361.11,2,1,2,212,Lost
13292,39,2,578.9399999999999,3,2,3,323,Lost
13294,190,2,873.74,1,2,3,123,Cannot Lose Them
13295,360,1,201.20000000000002,1,1,1,111,Lost
13296,137,1,87.4,2,1,1,211,Lost
13297,8,4,2089.85,5,4,5,545,Champion
13298,1,1,360.0,5,1,2,512,New Customer
13299,268,1,142.5,1,1,1,111,Lost
13300,169,1,371.89,2,1,2,212,Lost
13301,104,4,618.09,2,4,3,243,At Risk
13302,155,1,63.75,2,1,1,211,Lost
13304,351,1,300.42,1,1,2,112,Lost
13305,4,10,2000.86,5,5,4,554,Champion
13307,120,1,15.0,2,1,1,211,Lost
13308,23,3,1385.51,4,3,4,434,Loyal Customer
13309,7,5,1456.79,5,4,4,544,Champion
13310,28,3,1132.03,4,3,4,434,Loyal Customer
13311,4,2,598.57,5,2,3,523,New Customer
13313,22,5,1555.32,4,4,4,444,Champion
13314,2,3,775.94,5,3,3,533,Loyal Customer
13316,37,4,5977.7300000000005,3,4,5,345,Loyal Customer
13317,66,6,2273.68,3,5,5,355,Loyal Customer
13318,1,3,640.76,5,3,3,533,Loyal Customer
13319,5,26,10845.550000000001,5,5,5,555,Champion
13320,78,4,1548.7,2,4,4,244,At Risk
13321,72,2,567.36,3,2,3,323,Lost
13322,17,1,199.48000000000002,4,1,1,411,New Customer
13323,3,5,787.85,5,4,3,543,Loyal Customer
13324,36,10,7121.95,3,5,5,355,Loyal Customer
13325,82,1,675.3,2,1,3,213,Cannot Lose Them
13327,39,8,3627.77,3,5,5,355,Loyal Customer
13328,316,1,1308.48,1,1,4,114,Cannot Lose Them
13329,32,2,789.0,4,2,3,423,New Customer
13330,93,3,1140.93,2,3,4,234,At Risk
13332,14,1,350.9,4,1,2,412,New Customer
13334,82,3,3536.82,2,3,5,235,At Risk
13336,77,1,795.12,2,1,3,213,Cannot Lose Them
13338,158,1,487.02,2,1,2,212,Lost
13339,201,1,860.12,1,1,3,113,Cannot Lose Them
13340,45,7,10736.48,3,5,5,355,Loyal Customer
13341,261,1,775.85,1,1,3,113,Cannot Lose Them
13343,178,1,353.43,2,1,2,212,Lost
13344,68,3,2543.72,3,3,5,335,Loyal Customer
13345,288,1,389.5,1,1,2,112,Lost
13347,70,1,341.36,3,1,2,312,Promising
13348,64,1,233.76,3,1,1,311,Promising
13349,11,1,247.32,5,1,1,511,New Customer
13350,16,2,979.12,4,2,4,424,New Customer
13351,66,1,373.94,3,1,2,312,Promising
13352,60,1,397.97999999999996,3,1,2,312,Promising
13354,71,1,743.53,3,1,3,313,Lost
13355,122,1,674.7,2,1,3,213,Cannot Lose Them
13356,80,1,768.24,2,1,3,213,Cannot Lose Them
13357,257,1,609.95,1,1,3,113,Cannot Lose Them
13358,269,1,439.03,1,1,2,112,Lost
13359,64,1,439.56,3,1,2,312,Promising
13362,9,4,3090.7400000000002,5,4,5,545,Champion
13363,18,2,992.5,4,2,4,424,New Customer
13364,71,1,134.95999999999998,3,1,1,311,Promising
13365,34,2,2225.37,3,2,5,325,Lost
13366,50,1,56.160000000000004,3,1,1,311,Promising
13368,257,2,623.4,1,2,3,123,Cannot Lose Them
13369,366,1,308.28000000000003,1,1,2,112,Lost
13370,372,1,754.87,1,1,3,113,Cannot Lose Them
13372,90,1,378.64,2,1,2,212,Lost
13373,61,3,3312.25,3,3,5,335,Loyal Customer
13375,89,1,778.65,2,1,3,213,Cannot Lose Them
13376,99,3,1019.76,2,3,4,234,At Risk
13379,26,3,572.56,4,3,3,433,Loyal Customer
13381,32,6,3639.31,4,5,5,455,Champion
13382,281,1,222.99,1,1,1,111,Lost
13384,31,7,4151.93,4,5,5,455,Champion
13385,330,1,534.57,1,1,3,113,Cannot Lose Them
13388,131,2,677.1,2,2,3,223,Cannot Lose Them
13389,11,3,797.96,5,3,3,533,Loyal Customer
13390,75,1,544.08,2,1,3,213,Cannot Lose Them
13391,204,1,59.8,1,1,1,111,Lost
13394,2,8,2520.02,5,5,5,555,Champion
13395,185,1,307.72,1,1,2,112,Lost
13396,29,2,1360.99,4,2,4,424,New Customer
13397,73,5,1544.13,2,4,4,244,At Risk
13398,192,1,457.34,1,1,2,112,Lost
13402,127,2,621.23,2,2,3,223,Cannot Lose Them
13403,18,1,75.0,4,1,1,411,New Customer
13404,1,2,252.49,5,2,2,522,New Customer
13405,74,3,572.451,2,3,3,233,At Risk
13408,2,62,28117.04,5,5,5,555,Champion
13410,24,5,1003.06,4,4,4,444,Champion
13411,107,1,213.55,2,1,1,211,Lost
13414,134,3,1390.5,2,3,4,234,At Risk
13416,44,2,712.5,3,2,3,323,Lost
13417,5,2,640.83,5,2,3,523,New Customer
13418,12,18,6127.43,5,5,5,555,Champion
13419,64,1,221.06,3,1,1,311,Promising
13420,150,2,159.85,2,2,1,221,Lost
13421,40,2,1851.08,3,2,4,324,Lost
13422,64,1,2626.3,3,1,5,315,Lost
13425,108,3,1624.21,2,3,4,234,At Risk
13426,1,10,3641.32,5,5,5,555,Champion
13427,19,3,582.6,4,3,3,433,Loyal Customer
13428,10,1,218.47,5,1,1,511,New Customer
13429,11,4,1006.8,5,4,4,544,Champion
13430,19,2,679.45,4,2,3,423,New Customer
13431,67,2,1269.1,3,2,4,324,Lost
13434,74,2,534.24,2,2,3,223,Cannot Lose Them
13435,5,7,3809.8900000000003,5,5,5,555,Champion
13436,2,1,196.89,5,1,1,511,New Customer
13437,14,7,3408.06,4,5,5,455,Champion
13439,255,1,283.71,1,1,2,112,Lost
13441,92,1,296.64,2,1,2,212,Lost
13447,23,3,1129.14,4,3,4,434,Loyal Customer
13448,17,6,3539.37,4,5,5,455,Champion
13449,24,1,291.88,4,1,2,412,New Customer
13450,27,6,2043.7199999999998,4,5,4,454,Champion
13451,26,5,2976.15,4,4,5,445,Champion
13452,259,2,590.0,1,2,3,123,Cannot Lose Them
13453,166,2,356.97999999999996,2,2,2,222,Lost
13455,25,2,1058.34,4,2,4,424,New Customer
13456,18,6,1766.72,4,5,4,454,Champion
13458,7,14,9646.57,5,5,5,555,Champion
13460,29,2,183.44,4,2,1,421,New Customer
13461,39,3,1445.0,3,3,4,334,Loyal Customer
13462,253,1,151.5,1,1,1,111,Lost
13464,58,1,674.68,3,1,3,313,Lost
13466,184,1,307.9,1,1,2,112,Lost
13467,11,2,1083.71,5,2,4,524,New Customer
13468,2,37,5704.97,5,5,5,555,Champion
13470,99,2,165.0,2,2,1,221,Lost
13471,1,4,2531.58,5,4,5,545,Champion
13473,61,2,422.64,3,2,2,322,Promising
13474,236,1,229.59,1,1,1,111,Lost
13475,191,4,1431.78,1,4,4,144,At Risk
13476,179,2,1238.47,2,2,4,224,Cannot Lose Them
13477,38,6,1454.58,3,5,4,354,Loyal Customer
13479,201,2,300.95,1,2,2,122,Lost
13481,46,5,1804.56,3,4,4,344,Loyal Customer
13482,232,1,184.64,1,1,1,111,Lost
13483,66,1,140.34,3,1,1,311,Promising
13484,241,1,313.8,1,1,2,112,Lost
13485,233,1,454.24,1,1,2,112,Lost
13486,78,3,1122.41,2,3,4,234,At Risk
13487,58,3,575.4,3,3,3,333,Loyal Customer
13488,17,13,8968.31,4,5,5,455,Champion
13489,105,4,449.52,2,4,2,242,At Risk
13491,52,10,1215.82,3,5,4,354,Loyal Customer
13492,136,3,1269.84,2,3,4,234,At Risk
13493,275,2,618.63,1,2,3,123,Cannot Lose Them
13494,312,1,316.26000000000005,1,1,2,112,Lost
13495,8,5,2044.8700000000001,5,4,4,544,Champion
13496,11,2,653.33,5,2,3,523,New Customer
13497,283,2,348.05,1,2,2,122,Lost
13499,18,5,1159.11,4,4,4,444,Champion
13500,23,3,1166.77,4,3,4,434,Loyal Customer
13501,288,1,1340.32,1,1,4,114,Cannot Lose Them
13502,17,3,292.0,4,3,2,432,Loyal Customer
13503,71,1,216.85,3,1,1,311,Promising
13504,64,1,295.93,3,1,2,312,Promising
13505,73,4,4393.63,2,4,5,245,At Risk
13506,316,2,458.52,1,2,2,122,Lost
13507,3,4,2479.16,5,4,5,545,Champion
13508,244,1,110.97,1,1,1,111,Lost
13509,9,7,979.72,5,5,4,554,Champion
13510,1,4,1791.56,5,4,4,544,Champion
13512,261,1,251.21,1,1,2,112,Lost
13513,127,1,205.1,2,1,1,211,Lost
13514,74,1,152.20000000000002,2,1,1,211,Lost
13515,73,4,891.12,2,4,3,243,At Risk
13516,21,3,1389.41,4,3,4,434,Loyal Customer
13517,60,3,2128.42,3,3,5,335,Loyal Customer
13518,86,1,659.4399999999999,2,1,3,213,Cannot Lose Them
13519,78,1,122.75,2,1,1,211,Lost
13520,59,6,3624.35,3,5,5,355,Loyal Customer
13521,1,3,1093.65,5,3,4,534,Loyal Customer
13522,30,1,125.80000000000001,4,1,1,411,New Customer
13523,33,5,3964.88,4,4,5,445,Champion
13524,41,5,680.1800000000001,3,4,3,343,Loyal Customer
13525,15,2,628.78,4,2,3,423,New Customer
13527,34,7,2287.51,3,5,5,355,Loyal Customer
13529,79,2,307.76,2,2,2,222,Lost
13531,205,2,483.8,1,2,2,122,Lost
13532,34,1,210.31,3,1,1,311,Promising
13533,183,3,270.79,1,3,2,132,At Risk
13534,2,25,5870.08,5,5,5,555,Champion
13536,1,7,3448.29,5,5,5,555,Champion
13538,43,7,1280.85,3,5,4,354,Loyal Customer
13539,86,3,631.34,2,3,3,233,At Risk
13544,40,2,291.41,3,2,2,322,Promising
13546,12,3,626.99,5,3,3,533,Loyal Customer
13548,96,2,682.41,2,2,3,223,Cannot Lose Them
13549,26,7,918.2,4,5,3,453,Loyal Customer
13551,319,1,91.80000000000001,1,1,1,111,Lost
13552,66,12,3740.07,3,5,5,355,Loyal Customer
13555,74,4,4149.28,2,4,5,245,At Risk
13557,28,2,584.06,4,2,3,423,New Customer
13558,6,4,605.06,5,4,3,543,Loyal Customer
13560,7,1,174.37,5,1,1,511,New Customer
13561,216,1,141.85999999999999,1,1,1,111,Lost
13562,82,3,1799.33,2,3,4,234,At Risk
13563,84,2,777.53,2,2,3,223,Cannot Lose Them
13564,144,3,1749.02,2,3,4,234,At Risk
13565,19,2,240.22,4,2,1,421,New Customer
13566,41,2,874.71,3,2,3,323,Lost
13568,173,1,192.85,2,1,1,211,Lost
13569,17,2,373.75,4,2,2,422,New Customer
13570,243,1,239.49,1,1,1,111,Lost
13571,13,12,2092.32,5,5,5,555,Champion
13572,206,1,1384.25,1,1,4,114,Cannot Lose Them
13573,50,2,294.4,3,2,2,322,Promising
13575,23,5,732.0699999999999,4,4,3,443,Loyal Customer
13576,10,18,6717.34,5,5,5,555,Champion
13577,25,4,1687.6000000000001,4,4,4,444,Champion
13579,15,2,467.04,4,2,2,422,New Customer
13581,309,1,118.0,1,1,1,111,Lost
13583,156,1,781.03,2,1,3,213,Cannot Lose Them
13584,307,1,142.4,1,1,1,111,Lost
13587,64,1,712.4,3,1,3,313,Lost
13588,16,9,2478.95,4,5,5,455,Champion
13589,15,2,379.65,4,2,2,422,New Customer
13590,11,6,1981.92,5,5,4,554,Champion
13591,65,3,1117.13,3,3,4,334,Loyal Customer
13592,36,4,247.95999999999998,3,4,1,341,Loyal Customer
13593,108,5,2037.0800000000002,2,4,4,244,At Risk
13594,53,1,396.97,3,1,2,312,Promising
13596,6,2,697.04,5,2,3,523,New Customer
13598,47,1,180.17000000000002,3,1,1,311,Promising
13599,1,21,5153.67,5,5,5,555,Champion
13600,312,1,219.52,1,1,1,111,Lost
13601,45,2,693.32,3,2,3,323,Lost
13602,65,1,428.89,3,1,2,312,Promising
13603,26,1,164.34,4,1,1,411,New Customer
13606,29,3,280.53999999999996,4,3,2,432,Loyal Customer
13607,40,1,678.01,3,1,3,313,Lost
13610,12,7,1131.88,5,5,4,554,Champion
13611,89,3,1171.8,2,3,4,234,At Risk
13614,24,4,1610.46,4,4,4,444,Champion
13615,319,1,417.69,1,1,2,112,Lost
13617,40,3,544.18,3,3,3,333,Loyal Customer
13618,174,1,177.34,2,1,1,211,Lost
13621,117,1,213.85,2,1,1,211,Lost
13623,31,5,747.78,4,4,3,443,Loyal Customer
13626,253,1,257.23,1,1,2,112,Lost
13627,59,5,1638.47,3,4,4,344,Loyal Customer
13629,23,11,7792.36,4,5,5,455,Champion
13630,5,7,2031.78,5,5,4,554,Champion
13631,100,11,3070.42,2,5,5,255,At Risk
13632,25,5,2121.27,4,4,5,445,Champion
13634,33,5,1575.16,4,4,4,444,Champion
13635,68,1,1071.03,3,1,4,314,Lost
13636,37,5,949.12,3,4,4,344,Loyal Customer
13637,52,3,810.5,3,3,3,333,Loyal Customer
13638,16,1,122.64,4,1,1,411,New Customer
13639,74,1,1033.34,2,1,4,214,Cannot Lose Them
13642,216,1,354.8,1,1,2,112,Lost
13643,31,3,519.44,4,3,3,433,Loyal Customer
13644,16,4,2624.26,4,4,5,445,Champion
13645,120,1,252.1,2,1,2,212,Lost
13647,10,4,1678.1200000000001,5,4,4,544,Champion
13649,257,2,346.6,1,2,2,122,Lost
13650,17,6,1836.34,4,5,4,454,Champion
13651,35,2,94.2,3,2,1,321,Promising
13652,46,3,1095.08,3,3,4,334,Loyal Customer
13654,43,6,2707.33,3,5,5,355,Loyal Customer
13655,114,2,932.97,2,2,3,223,Cannot Lose Them
13656,165,2,379.65,2,2,2,222,Lost
13657,11,2,382.14,5,2,2,522,New Customer
13658,10,5,2639.17,5,4,5,545,Champion
13659,206,2,1573.2,1,2,4,124,Cannot Lose Them
13662,86,3,897.76,2,3,3,233,At Risk
13663,179,1,189.47,2,1,1,211,Lost
13666,60,3,84.65,3,3,1,331,Loyal Customer
13667,149,1,305.02,2,1,2,212,Lost
13668,3,21,6363.59,5,5,5,555,Champion
13669,51,2,218.55,3,2,1,321,Promising
13670,75,1,349.7,2,1,2,212,Lost
13672,301,2,186.39000000000001,1,2,1,121,Lost
13673,19,2,396.92,4,2,2,422,New Customer
13675,151,2,486.82000000000005,2,2,2,222,Lost
13678,152,1,232.6,2,1,1,211,Lost
13680,1,4,3722.42,5,4,5,545,Champion
13681,18,4,827.83,4,4,3,443,Loyal Customer
13682,187,1,59.5,1,1,1,111,Lost
13684,286,1,67.23,1,1,1,111,Lost
13685,3,7,3119.44,5,5,5,555,Champion
13686,183,1,72.0,1,1,1,111,Lost
13689,63,1,910.0,3,1,3,313,Lost
13690,59,1,172.25,3,1,1,311,Promising
13692,25,3,1488.32,4,3,4,434,Loyal Customer
13694,4,50,65039.62,5,5,5,555,Champion
13695,31,15,2504.13,4,5,5,455,Champion
13697,39,1,151.29999999999998,3,1,1,311,Promising
13699,155,1,308.58000000000004,2,1,2,212,Lost
13700,26,10,2265.12,4,5,5,455,Champion
13703,318,1,99.5,1,1,1,111,Lost
13704,5,9,2308.06,5,5,5,555,Champion
13705,8,3,711.86,5,3,3,533,Loyal Customer
13706,303,1,330.79,1,1,2,112,Lost
13707,267,2,806.41,1,2,3,123,Cannot Lose Them
13708,271,1,296.88,1,1,2,112,Lost
13709,4,13,6328.05,5,5,5,555,Champion
13710,32,1,180.48,4,1,1,411,New Customer
13711,219,2,252.06,1,2,2,122,Lost
13712,247,1,228.84,1,1,1,111,Lost
13715,281,5,1079.34,1,4,4,144,At Risk
13716,269,1,138.28,1,1,1,111,Lost
13717,32,6,1445.01,4,5,4,454,Champion
13718,246,2,306.55,1,2,2,122,Lost
13719,15,5,1041.68,4,4,4,444,Champion
13720,117,4,799.9,2,4,3,243,At Risk
13721,36,1,524.14,3,1,3,313,Lost
13722,132,3,2375.41,2,3,5,235,At Risk
13723,217,1,199.85000000000002,1,1,1,111,Lost
13725,50,8,1980.56,3,5,4,354,Loyal Customer
13726,39,2,1079.6599999999999,3,2,4,324,Lost
13727,29,2,333.48,4,2,2,422,New Customer
13728,37,6,1016.14,3,5,4,354,Loyal Customer
13730,136,2,752.6,2,2,3,223,Cannot Lose Them
13731,219,2,610.59,1,2,3,123,Cannot Lose Them
13732,28,1,491.86,4,1,3,413,New Customer
13735,25,4,2885.2400000000002,4,4,5,445,Champion
13736,5,2,731.9,5,2,3,523,New Customer
13737,200,1,339.59999999999997,1,1,2,112,Lost
13739,18,1,216.9,4,1,1,411,New Customer
13740,241,1,350.75,1,1,2,112,Lost
13741,72,3,668.4300000000001,3,3,3,333,Loyal Customer
13742,17,12,3131.02,4,5,5,455,Champion
13743,3,7,1341.6,5,5,4,554,Champion
13744,95,2,1156.36,2,2,4,224,Cannot Lose Them
13745,162,1,300.04,2,1,2,212,Lost
13747,374,1,79.6,1,1,1,111,Lost
13748,96,5,948.25,2,4,4,244,At Risk
13750,54,5,1647.26,3,4,4,344,Loyal Customer
13751,288,1,296.25,1,1,2,112,Lost
13752,124,6,1186.28,2,5,4,254,At Risk
13753,288,1,741.26,1,1,3,113,Cannot Lose Them
13754,152,2,282.59999999999997,2,2,2,222,Lost
13755,4,9,2161.35,5,5,5,555,Champion
13756,2,14,5189.52,5,5,5,555,Champion
13758,12,7,3190.55,5,5,5,555,Champion
13759,33,2,659.4100000000001,4,2,3,423,New Customer
13760,54,2,286.79,3,2,2,322,Promising
13761,50,2,1070.65,3,2,4,324,Lost
13762,219,1,306.72,1,1,2,112,Lost
13763,63,1,1714.96,3,1,4,314,Lost
13764,71,3,1521.76,3,3,4,334,Loyal Customer
13767,2,37,17220.36,5,5,5,555,Champion
13769,2,10,2796.51,5,5,5,555,Champion
13771,64,4,2634.45,3,4,5,345,Loyal Customer
13772,34,3,1132.13,3,3,4,334,Loyal Customer
13774,82,1,345.0,2,1,2,212,Lost
13777,1,33,25977.16,5,5,5,555,Champion
13778,103,1,178.7,2,1,1,211,Lost
13780,7,2,360.01,5,2,2,522,New Customer
13781,251,1,127.84,1,1,1,111,Lost
13782,13,6,912.0,5,5,3,553,Loyal Customer
13784,10,11,2462.79,5,5,5,555,Champion
13786,367,1,230.39999999999998,1,1,1,111,Lost
13787,76,2,309.04,2,2,2,222,Lost
13790,4,1,348.8,5,1,2,512,New Customer
13791,128,2,1516.0,2,2,4,224,Cannot Lose Them
13792,66,2,195.55,3,2,1,321,Promising
13798,1,57,37153.85,5,5,5,555,Champion
13799,117,2,688.86,2,2,3,223,Cannot Lose Them
13800,310,1,558.32,1,1,3,113,Cannot Lose Them
13801,67,1,324.8,3,1,2,312,Promising
13802,139,3,4599.42,2,3,5,235,At Risk
13803,255,1,277.07,1,1,2,112,Lost
13804,31,7,2635.79,4,5,5,455,Champion
13805,52,2,924.6,3,2,3,323,Lost
13806,64,1,256.38,3,1,2,312,Promising
13807,367,1,112.6,1,1,1,111,Lost
13808,6,5,1747.66,5,4,4,544,Champion
13809,305,1,155.05,1,1,1,111,Lost
13810,29,3,1499.01,4,3,4,434,Loyal Customer
13811,184,3,814.5,1,3,3,133,At Risk
13812,42,3,539.0,3,3,3,333,Loyal Customer
13813,40,4,1366.8600000000001,3,4,4,344,Loyal Customer
13814,92,2,1579.12,2,2,4,224,Cannot Lose Them
13815,22,4,4027.36,4,4,5,445,Champion
13816,24,2,571.6700000000001,4,2,3,423,New Customer
13817,29,2,382.98,4,2,2,422,New Customer
13819,302,3,1140.35,1,3,4,134,At Risk
13821,145,2,385.64,2,2,2,222,Lost
13822,6,2,632.0,5,2,3,523,New Customer
13823,19,2,957.66,4,2,4,424,New Customer
13824,33,5,1698.94,4,4,4,444,Champion
13826,176,1,189.5,2,1,1,211,Lost
13827,58,3,412.05,3,3,2,332,Loyal Customer
13828,22,1,209.49,4,1,1,411,New Customer
13831,16,6,2202.99,4,5,5,455,Champion
13832,19,1,52.199999999999996,4,1,1,411,New Customer
13833,159,1,384.8,2,1,2,212,Lost
13835,25,4,834.57,4,4,3,443,Loyal Customer
13837,212,2,271.24,1,2,2,122,Lost
13838,6,4,691.73,5,4,3,543,Loyal Customer
13841,253,1,85.0,1,1,1,111,Lost
13842,59,9,3385.62,3,5,5,355,Loyal Customer
13844,11,1,361.62,5,1,2,512,New Customer
13845,65,1,312.98,3,1,2,312,Promising
13846,25,3,865.0600000000001,4,3,3,433,Loyal Customer
13848,92,3,1255.0,2,3,4,234,At Risk
13849,52,2,1537.95,3,2,4,324,Lost
13850,129,1,1595.48,2,1,4,214,Cannot Lose Them
13851,96,3,2651.46,2,3,5,235,At Risk
13853,57,1,1090.14,3,1,4,314,Lost
13854,9,25,8109.5199999999995,5,5,5,555,Champion
13856,169,3,388.5,2,3,2,232,At Risk
13858,57,1,216.17,3,1,1,311,Promising
13859,326,1,201.16,1,1,1,111,Lost
13860,1,5,1245.9,5,4,4,544,Champion
13862,18,8,2209.36,4,5,5,455,Champion
13863,248,1,305.78,1,1,2,112,Lost
13865,58,4,501.56,3,4,3,343,Loyal Customer
13866,74,1,145.67000000000002,2,1,1,211,Lost
13867,31,3,1015.29,4,3,4,434,Loyal Customer
13868,7,2,3192.54,5,2,5,525,New Customer
13869,123,4,3104.95,2,4,5,245,At Risk
13870,2,8,2770.94,5,5,5,555,Champion
13871,23,13,6403.25,4,5,5,455,Champion
13873,120,3,389.6,2,3,2,232,At Risk
13874,358,1,540.45,1,1,3,113,Cannot Lose Them
13875,54,5,1786.79,3,4,4,344,Loyal Customer
13876,64,1,122.7,3,1,1,311,Promising
13877,86,1,117.24,2,1,1,211,Lost
13878,55,1,1281.53,3,1,4,314,Lost
13880,21,13,3219.77,4,5,5,455,Champion
13881,4,20,17159.52,5,5,5,555,Champion
13882,3,5,1191.13,5,4,4,544,Champion
13883,11,5,2674.48,5,4,5,545,Champion
13884,7,5,787.6,5,4,3,543,Loyal Customer
13885,189,2,506.8,1,2,3,123,Cannot Lose Them
13886,71,1,243.56,3,1,1,311,Promising
13887,204,1,349.55,1,1,2,112,Lost
13888,120,2,605.63,2,2,3,223,Cannot Lose Them
13889,93,1,416.90000000000003,2,1,2,212,Lost
13890,1,10,1883.8100000000002,5,5,4,554,Champion
13892,27,4,632.97,4,4,3,443,Loyal Customer
13893,298,1,821.1,1,1,3,113,Cannot Lose Them
13894,24,3,564.62,4,3,3,433,Loyal Customer
13895,28,4,2593.07,4,4,5,445,Champion
13897,50,1,311.16,3,1,2,312,Promising
13898,326,1,155.93,1,1,1,111,Lost
13899,16,2,388.52,4,2,2,422,New Customer
13900,183,3,740.95,1,3,3,133,At Risk
13901,72,5,2867.2,3,4,5,345,Loyal Customer
13904,37,2,332.64,3,2,2,322,Promising
13908,80,4,2369.55,2,4,5,245,At Risk
13911,57,9,2580.91,3,5,5,355,Loyal Customer
13914,12,2,626.45,5,2,3,523,New Customer
13917,50,2,272.04,3,2,2,322,Promising
13918,50,2,1212.8400000000001,3,2,4,324,Lost
13919,59,2,384.81,3,2,2,322,Promising
13922,352,1,172.25,1,1,1,111,Lost
13923,54,1,351.13,3,1,2,312,Promising
13924,2,6,1838.8500000000001,5,5,4,554,Champion
13925,93,4,678.25,2,4,3,243,At Risk
13926,23,1,223.85000000000002,4,1,1,411,New Customer
13927,75,1,348.99,2,1,2,212,Lost
13928,11,4,464.57,5,4,2,542,Loyal Customer
13929,169,2,842.65,2,2,3,223,Cannot Lose Them
13930,58,2,337.34,3,2,2,322,Promising
13931,96,2,1237.53,2,2,4,224,Cannot Lose Them
13932,295,1,307.4,1,1,2,112,Lost
13933,109,2,608.7900000000001,2,2,3,223,Cannot Lose Them
13934,264,1,922.1,1,1,3,113,Cannot Lose Them
13936,180,1,376.58,1,1,2,112,Lost
13937,169,1,158.85,2,1,1,211,Lost
13938,35,1,71.66,3,1,1,311,Promising
13939,23,3,568.55,4,3,3,433,Loyal Customer
13940,17,4,839.14,4,4,3,443,Loyal Customer
13941,22,5,5112.96,4,4,5,445,Champion
13946,79,3,561.5699999999999,2,3,3,233,At Risk
13947,65,1,90.6,3,1,1,311,Promising
13948,361,1,102.0,1,1,1,111,Lost
13949,3,6,2427.32,5,5,5,555,Champion
13950,11,4,745.06,5,4,3,543,Loyal Customer
13951,176,3,674.45,2,3,3,233,At Risk
13952,218,2,3251.071,1,2,5,125,Cannot Lose Them
13953,7,7,3515.68,5,5,5,555,Champion
13954,2,2,439.92,5,3,2,532,Loyal Customer
13955,154,2,322.96,2,3,2,232,At Risk
13956,5,5,1026.42,5,4,4,544,Champion
13959,79,3,598.2,2,3,3,233,At Risk
13960,21,2,230.22,4,3,1,431,Loyal Customer
13962,22,2,169.55,4,3,1,431,Loyal Customer
13963,308,4,664.54,1,4,3,143,At Risk
13967,146,1,80.7,2,1,1,211,Lost
13969,7,18,9053.94,5,5,5,555,Champion
13971,19,8,2758.26,4,5,5,455,Champion
13972,71,2,190.25,3,3,1,331,Loyal Customer
13973,287,1,264.7,1,1,2,112,Lost
13974,49,1,413.59000000000003,3,1,2,312,Promising
13975,31,6,2526.28,4,5,5,455,Champion
13976,207,1,357.98,1,1,2,112,Lost
13978,15,2,196.79000000000002,4,3,1,431,Loyal Customer
13979,73,1,869.87,2,1,3,213,Cannot Lose Them
13980,60,1,200.14,3,1,1,311,Promising
13982,39,4,1871.81,3,4,4,344,Loyal Customer
13983,30,12,2603.43,4,5,5,455,Champion
13984,27,5,920.51,4,4,3,443,Loyal Customer
13985,4,15,7060.13,5,5,5,555,Champion
13986,17,1,320.46,4,1,2,412,New Customer
13988,20,6,4147.96,4,5,5,455,Champion
13989,66,2,1266.08,3,3,4,334,Loyal Customer
13990,213,1,311.3,1,1,2,112,Lost
13991,12,6,855.97,5,5,3,553,Loyal Customer
13992,30,1,76.8,4,1,1,411,New Customer
13993,43,9,3466.36,3,5,5,355,Loyal Customer
13994,4,6,2313.14,5,5,5,555,Champion
13995,15,5,1393.69,4,4,4,444,Champion
13999,10,12,3901.81,5,5,5,555,Champion
14000,211,1,635.66,1,1,3,113,Cannot Lose Them
14001,46,3,2043.0800000000002,3,3,4,334,Loyal Customer
14002,134,2,529.73,2,3,3,233,At Risk
14004,43,7,4582.64,3,5,5,355,Loyal Customer
14005,10,5,2874.72,5,4,5,545,Champion
14006,116,3,962.19,2,3,4,234,At Risk
14009,198,2,695.61,1,3,3,133,At Risk
14012,278,1,328.8,1,1,2,112,Lost
14013,110,3,473.02,2,3,2,232,At Risk
14014,77,1,505.18,2,1,3,213,Cannot Lose Them
14015,53,1,917.34,3,1,3,313,Lost
14016,162,4,4341.21,2,4,5,245,At Risk
14019,47,3,1421.61,3,3,4,334,Loyal Customer
14020,17,2,642.8,4,3,3,433,Loyal Customer
14021,155,3,631.9,2,3,3,233,At Risk
14022,225,1,440.0,1,1,2,112,Lost
14023,7,2,584.07,5,3,3,533,Loyal Customer
14024,122,2,327.7,2,3,2,232,At Risk
14027,61,1,104.82,3,1,1,311,Promising
14029,63,2,467.66,3,3,2,332,Loyal Customer
14030,18,8,2360.09,4,5,5,455,Champion
14031,7,19,17286.86,5,5,5,555,Champion
14032,2,11,2975.59,5,5,5,555,Champion
14034,22,3,651.8199999999999,4,3,3,433,Loyal Customer
14035,29,5,1428.02,4,4,4,444,Champion
14036,285,1,626.65,1,1,3,113,Cannot Lose Them
14037,176,2,147.20000000000002,2,3,1,231,At Risk
14038,78,3,1560.38,2,3,4,234,At Risk
14039,33,1,152.2,4,1,1,411,New Customer
14040,41,12,3614.92,3,5,5,355,Loyal Customer
14041,266,1,141.41,1,1,1,111,Lost
14044,27,4,652.82,4,4,3,443,Loyal Customer
14045,109,4,1659.75,2,4,4,244,At Risk
14046,284,1,154.99,1,1,1,111,Lost
14047,9,5,1308.6100000000001,5,4,4,544,Champion
14048,305,1,409.93,1,1,2,112,Lost
14049,17,4,5681.72,4,4,5,445,Champion
14050,32,2,746.36,4,3,3,433,Loyal Customer
14051,1,23,15610.390000000001,5,5,5,555,Champion
14052,20,1,225.36,4,1,1,411,New Customer
14053,124,2,260.25,2,3,2,232,At Risk
14054,65,1,92.46,3,1,1,311,Promising
14055,106,1,725.6400000000001,2,1,3,213,Cannot Lose Them
14056,1,23,8214.65,5,5,5,555,Champion
14057,24,17,6217.96,4,5,5,455,Champion
14059,267,1,183.6,1,1,1,111,Lost
14060,5,19,6140.42,5,5,5,555,Champion
14062,10,12,10464.85,5,5,5,555,Champion
14064,29,5,1353.74,4,4,4,444,Champion
14066,267,1,152.55,1,1,1,111,Lost
14067,64,2,374.7,3,3,2,332,Loyal Customer
14068,320,1,265.85,1,1,2,112,Lost
14071,4,8,1438.82,5,5,4,554,Champion
14073,32,1,151.04,4,1,1,411,New Customer
14075,5,3,942.26,5,3,3,533,Loyal Customer
14076,129,1,122.47,2,1,1,211,Lost
14077,41,5,499.41999999999996,3,4,3,343,Loyal Customer
14078,102,6,1049.37,2,5,4,254,At Risk
14079,125,1,375.1,2,1,2,212,Lost
14080,33,1,45.599999999999994,4,1,1,411,New Customer
14081,302,2,934.52,1,3,3,133,At Risk
14082,365,1,182.25,1,1,1,111,Lost
14083,4,9,1018.43,5,5,4,554,Champion
14085,2,18,4448.54,5,5,5,555,Champion
14087,3,1,194.42,5,1,1,511,New Customer
14088,10,13,50491.81,5,5,5,555,Champion
14089,57,1,161.0,3,1,1,311,Promising
14090,325,1,76.32000000000001,1,1,1,111,Lost
14092,8,14,4076.91,5,5,5,555,Champion
14093,12,1,442.85,5,1,2,512,New Customer
14096,4,17,65164.79,5,5,5,555,Champion
14098,37,1,147.35,3,1,1,311,Promising
14099,16,11,3104.17,4,5,5,455,Champion
14100,138,1,194.9,2,1,1,211,Lost
14101,74,6,5976.79,2,5,5,255,At Risk
14102,5,5,1360.28,5,4,4,544,Champion
14104,155,2,216.20999999999998,2,3,1,231,At Risk
14105,239,1,1266.23,1,1,4,114,Cannot Lose Them
14107,52,7,2703.23,3,5,5,355,Loyal Customer
14108,31,2,597.91,4,3,3,433,Loyal Customer
14109,73,1,144.2,2,1,1,211,Lost
14110,4,12,5683.15,5,5,5,555,Champion
14111,14,4,692.85,4,4,3,443,Loyal Customer
14112,23,7,2915.15,4,5,5,455,Champion
14113,4,4,1840.42,5,4,4,544,Champion
14114,274,2,386.53,1,3,2,132,At Risk
14116,20,5,1382.74,4,4,4,444,Champion
14117,144,1,90.0,2,1,1,211,Lost
14121,4,4,2780.15,5,4,5,545,Champion
14124,84,1,419.58000000000004,2,1,2,212,Lost
14125,11,3,2740.43,5,3,5,535,Loyal Customer
14126,8,3,706.1300000000001,5,3,3,533,Loyal Customer
14127,123,3,709.71,2,3,3,233,At Risk
14128,61,2,637.5,3,3,3,333,Loyal Customer
14129,2,5,1123.8600000000001,5,4,4,544,Champion
14130,319,1,483.86,1,1,2,112,Lost
14132,2,11,3586.0299999999997,5,5,5,555,Champion
14133,130,3,605.64,2,3,3,233,At Risk
14135,2,15,4690.31,5,5,5,555,Champion
14138,2,2,982.3800000000001,5,3,4,534,Loyal Customer
14139,46,1,415.82,3,1,2,312,Promising
14140,4,2,935.05,5,3,3,533,Loyal Customer
14141,3,4,915.13,5,4,3,543,Loyal Customer
14142,373,1,311.81,1,1,2,112,Lost
14143,134,1,115.8,2,1,1,211,Lost
14145,47,4,3742.2,3,4,5,345,Loyal Customer
14146,9,5,4191.0,5,4,5,545,Champion
14147,78,2,483.4,2,3,2,232,At Risk
14148,234,1,157.2,1,1,1,111,Lost
14149,221,1,446.62,1,1,2,112,Lost
14150,36,2,658.64,3,3,3,333,Loyal Customer
14152,75,2,621.29,2,3,3,233,At Risk
14154,239,2,1345.62,1,3,4,134,At Risk
14155,266,1,118.75,1,1,1,111,Lost
14156,10,55,117379.63,5,5,5,555,Champion
14157,20,2,432.88,4,3,2,432,Loyal Customer
14158,40,1,507.66,3,1,3,313,Lost
14159,20,11,4693.01,4,5,5,455,Champion
14161,216,3,1110.52,1,3,4,134,At Risk
14162,174,2,289.36,2,3,2,232,At Risk
14163,87,4,2445.91,2,4,5,245,At Risk
14164,71,2,1631.77,3,3,4,334,Loyal Customer
14165,276,1,122.53999999999999,1,1,1,111,Lost
14167,39,4,574.84,3,4,3,343,Loyal Customer
14171,98,1,363.79,2,1,2,212,Lost
14173,11,4,450.84,5,4,2,542,Loyal Customer
14174,33,1,134.46,4,1,1,411,New Customer
14175,60,3,3222.3,3,3,5,335,Loyal Customer
14176,297,4,576.9000000000001,1,4,3,143,At Risk
14177,86,4,559.41,2,4,3,243,At Risk
14178,9,7,1620.93,5,5,4,554,Champion
14179,41,2,719.78,3,3,3,333,Loyal Customer
14180,11,25,4748.52,5,5,5,555,Champion
14184,67,1,452.89,3,1,2,312,Promising
14185,331,1,197.65,1,1,1,111,Lost
14188,31,6,2054.36,4,5,4,454,Champion
14189,2,15,4654.08,5,5,5,555,Champion
14191,2,13,4684.76,5,5,5,555,Champion
14193,68,2,853.39,3,3,3,333,Loyal Customer
14194,5,21,11349.52,5,5,5,555,Champion
14195,202,2,1012.0,1,3,4,134,At Risk
14196,107,1,335.52,2,1,2,212,Lost
14198,18,4,701.4,4,4,3,443,Loyal Customer
14199,218,1,185.39999999999998,1,1,1,111,Lost
14201,60,7,747.44,3,5,3,353,Loyal Customer
14204,2,1,161.03,5,1,1,511,New Customer
14205,17,2,466.7,4,3,2,432,Loyal Customer
14206,239,1,328.15999999999997,1,1,2,112,Lost
14208,95,1,151.74,2,1,1,211,Lost
14209,11,6,2073.43,5,5,5,555,Champion
14210,106,6,1905.8400000000001,2,5,4,254,At Risk
14211,53,9,2241.1,3,5,5,355,Loyal Customer
14212,90,1,1070.48,2,1,4,214,Cannot Lose Them
14214,31,5,1004.38,4,4,4,444,Champion
14215,12,6,1789.72,5,5,4,554,Champion
14216,3,4,1839.3,5,4,4,544,Champion
14217,2,17,2004.98,5,5,4,554,Champion
14218,43,1,169.48000000000002,3,1,1,311,Promising
14219,4,1,89.94,5,1,1,511,New Customer
14220,247,2,632.4,1,3,3,133,At Risk
14221,42,9,3432.8,3,5,5,355,Loyal Customer
14222,177,1,683.17,2,1,3,213,Cannot Lose Them
14223,92,3,991.13,2,3,4,234,At Risk
14224,110,4,1050.12,2,4,4,244,At Risk
14226,29,5,2232.19,4,4,5,445,Champion
14227,26,10,3350.96,4,5,5,455,Champion
14229,52,3,1547.2,3,3,4,334,Loyal Customer
14231,184,3,925.71,1,3,3,133,At Risk
14232,43,5,2048.07,3,4,4,344,Loyal Customer
14233,49,4,1462.72,3,4,4,344,Loyal Customer
14234,22,4,775.46,4,4,3,443,Loyal Customer
14235,75,5,3144.86,2,4,5,245,At Risk
14236,81,2,490.86,2,3,3,233,At Risk
14237,373,1,161.0,1,1,1,111,Lost
14238,326,1,146.85,1,1,1,111,Lost
14239,43,11,2380.85,3,5,5,355,Loyal Customer
14240,30,2,890.34,4,3,3,433,Loyal Customer
14241,184,1,213.70000000000002,1,1,1,111,Lost
14242,235,2,280.55,1,3,2,132,At Risk
14243,9,10,2588.77,5,5,5,555,Champion
14245,220,2,1693.45,1,3,4,134,At Risk
14246,111,3,1474.06,2,3,4,234,At Risk
14247,278,1,136.76999999999998,1,1,1,111,Lost
14248,318,1,302.58,1,1,2,112,Lost
14250,7,3,1904.05,5,3,4,534,Loyal Customer
14251,2,5,2879.7000000000003,5,4,5,545,Champion
14256,260,2,969.0600000000001,1,3,4,134,At Risk
14257,64,5,3099.7200000000003,3,4,5,345,Loyal Customer
14258,9,9,12669.98,5,5,5,555,Champion
14259,142,1,120.0,2,1,1,211,Lost
14261,51,2,1163.45,3,3,4,334,Loyal Customer
14262,8,8,2618.23,5,5,5,555,Champion
14264,155,2,333.97,2,3,2,232,At Risk
14265,109,2,530.18,2,3,3,233,At Risk
14267,163,3,1516.24,2,3,4,234,At Risk
14270,332,1,492.65000000000003,1,1,3,113,Cannot Lose Them
14271,226,1,112.32,1,1,1,111,Lost
14272,74,2,437.96,2,3,2,232,At Risk
14273,51,4,559.97,3,4,3,343,Loyal Customer
14276,99,3,1119.74,2,3,4,234,At Risk
14277,15,3,4216.2,4,3,5,435,Loyal Customer
14280,197,1,134.04,1,1,1,111,Lost
14282,3,15,3729.34,5,5,5,555,Champion
14284,31,2,595.25,4,3,3,433,Loyal Customer
14285,21,4,1910.01,4,4,4,444,Champion
14286,24,3,4628.75,4,3,5,435,Loyal Customer
14287,8,3,176.63,5,3,1,531,Loyal Customer
14288,213,1,426.6,1,1,2,112,Lost
14289,9,6,911.26,5,5,3,553,Loyal Customer
14290,11,5,2314.65,5,4,5,545,Champion
14291,2,11,3883.25,5,5,5,555,Champion
14292,8,9,4871.93,5,5,5,555,Champion
14293,3,4,1046.56,5,4,4,544,Champion
14295,40,1,166.20000000000002,3,1,1,311,Promising
14297,18,4,1305.33,4,4,4,444,Champion
14298,8,44,51527.3,5,5,5,555,Champion
14299,8,9,3965.62,5,5,5,555,Champion
14300,19,1,43.2,4,1,1,411,New Customer
14301,117,1,640.14,2,1,3,213,Cannot Lose Them
14304,223,1,383.45,1,1,2,112,Lost
14305,71,3,1858.96,3,3,4,334,Loyal Customer
14306,51,2,2093.32,3,3,5,335,Loyal Customer
14307,89,6,2995.72,2,5,5,255,At Risk
14309,8,9,2352.53,5,5,5,555,Champion
14311,243,1,310.26,1,1,2,112,Lost
14312,47,6,1611.59,3,5,4,354,Loyal Customer
14314,107,1,120.0,2,1,1,211,Lost
14315,45,6,2481.13,3,5,5,355,Loyal Customer
14317,65,1,508.58000000000004,3,1,3,313,Lost
14320,207,2,477.79,1,3,2,132,At Risk
14321,11,5,1530.75,5,4,4,544,Champion
14323,115,2,605.0600000000001,2,3,3,233,At Risk
14326,242,1,183.85,1,1,1,111,Lost
14327,163,1,311.65,2,1,2,212,Lost
14329,17,7,5014.84,4,5,5,455,Champion
14331,124,2,462.65999999999997,2,3,2,232,At Risk
14332,23,3,866.31,4,3,3,433,Loyal Customer
14333,68,1,415.2,3,1,2,312,Promising
14334,17,8,2552.21,4,5,5,455,Champion
14335,16,2,468.26,4,3,2,432,Loyal Customer
14336,17,4,1614.91,4,4,4,444,Champion
14338,161,2,588.22,2,3,3,233,At Risk
14339,243,1,309.52,1,1,2,112,Lost
14340,219,1,134.7,1,1,1,111,Lost
14341,45,8,2182.28,3,5,5,355,Loyal Customer
14342,21,4,668.5600000000001,4,4,3,443,Loyal Customer
14344,127,8,889.9300000000001,2,5,3,253,At Risk
14345,39,1,108.97999999999999,3,1,1,311,Promising
14346,121,2,1021.58,2,3,4,234,At Risk
14348,260,1,409.57,1,1,2,112,Lost
14349,10,1,133.5,5,1,1,511,New Customer
14350,274,1,282.93,1,1,2,112,Lost
14351,165,1,51.0,2,1,1,211,Lost
14352,157,4,1078.96,2,4,4,244,At Risk
14353,215,1,90.6,1,1,1,111,Lost
14354,6,2,163.62,5,3,1,531,Loyal Customer
14355,366,1,174.4,1,1,1,111,Lost
14356,80,2,701.23,2,3,3,233,At Risk
14357,43,1,225.77,3,1,1,311,Promising
14359,19,3,912.18,4,3,3,433,Loyal Customer
14360,32,4,2128.23,4,4,5,445,Champion
14362,22,1,161.2,4,1,1,411,New Customer
14364,109,8,3717.35,2,5,5,255,At Risk
14367,8,16,9261.52,5,5,5,555,Champion
14368,320,1,155.0,1,1,1,111,Lost
14371,295,1,100.5,1,1,1,111,Lost
14373,358,1,76.55,1,1,1,111,Lost
14375,185,1,257.68,1,1,2,112,Lost
14377,191,2,617.05,1,3,3,133,At Risk
14379,44,2,348.1,3,3,2,332,Loyal Customer
14381,52,1,202.68,3,1,1,311,Promising
14382,26,1,626.0699999999999,4,1,3,413,New Customer
14383,38,3,1247.69,3,3,4,334,Loyal Customer
14385,9,3,202.11,5,3,1,531,Loyal Customer
14386,297,1,142.4,1,1,1,111,Lost
14387,33,3,1770.56,4,3,4,434,Loyal Customer
14388,10,8,3212.84,5,5,5,555,Champion
14389,65,2,1043.46,3,3,4,334,Loyal Customer
14390,10,9,4652.82,5,5,5,555,Champion
14393,218,1,67.95,1,1,1,111,Lost
14395,2,9,3507.71,5,5,5,555,Champion
14396,65,2,487.99,3,3,2,332,Loyal Customer
14397,3,19,2612.96,5,5,5,555,Champion
14400,149,1,574.7,2,1,3,213,Cannot Lose Them
14401,4,13,4051.48,5,5,5,555,Champion
14403,130,4,1475.81,2,4,4,244,At Risk
14404,34,6,1474.32,3,5,4,354,Loyal Customer
14406,119,1,156.75,2,1,1,211,Lost
14407,107,6,2157.73,2,5,5,255,At Risk
14408,11,7,2606.53,5,5,5,555,Champion
14409,71,6,2059.4500000000003,3,5,5,355,Loyal Customer
14410,92,9,1105.07,2,5,4,254,At Risk
14411,311,1,1063.0,1,1,4,114,Cannot Lose Them
14412,43,2,770.03,3,3,3,333,Loyal Customer
14413,362,1,122.7,1,1,1,111,Lost
14414,92,7,1496.98,2,5,4,254,At Risk
14415,1,13,5900.28,5,5,5,555,Champion
14416,22,2,490.22,4,3,3,433,Loyal Customer
14418,4,3,1937.25,5,3,4,534,Loyal Customer
14419,11,6,1058.06,5,5,4,554,Champion
14420,99,1,387.52,2,1,2,212,Lost
14421,57,2,813.11,3,3,3,333,Loyal Customer
14422,1,6,4263.64,5,5,5,555,Champion
14423,218,1,265.2,1,1,2,112,Lost
14424,18,1,322.08,4,1,2,412,New Customer
14426,24,10,4481.67,4,5,5,455,Champion
14427,50,2,363.34000000000003,3,3,2,332,Loyal Customer
14428,7,5,1244.83,5,4,4,544,Champion
14431,303,1,470.36,1,1,2,112,Lost
14432,10,6,2255.51,5,5,5,555,Champion
14434,22,6,1372.8,4,5,4,454,Champion
14436,99,1,89.06,2,1,1,211,Lost
14437,366,1,63.0,1,1,1,111,Lost
14438,306,1,131.9,1,1,1,111,Lost
14439,320,1,2661.24,1,1,5,115,Cannot Lose Them
14440,8,5,2357.6800000000003,5,4,5,545,Champion
14441,1,4,1712.89,5,4,4,544,Champion
14442,205,2,1589.82,1,3,4,134,At Risk
14443,54,4,1420.2,3,4,4,344,Loyal Customer
14446,1,4,1039.58,5,4,4,544,Champion
14447,19,5,1163.23,4,4,4,444,Champion
14448,9,2,375.35,5,3,2,532,Loyal Customer
14449,19,4,907.1,4,4,3,443,Loyal Customer
14450,181,3,483.25,1,3,2,132,At Risk
14451,60,2,662.59,3,3,3,333,Loyal Customer
14452,11,2,264.44,5,3,2,532,Loyal Customer
14453,190,1,119.93,1,1,1,111,Lost
14456,5,9,3062.4,5,5,5,555,Champion
14457,311,1,113.64,1,1,1,111,Lost
14459,155,1,1837.92,2,1,4,214,Cannot Lose Them
14460,110,3,434.34,2,3,2,232,At Risk
14461,148,3,2103.06,2,3,5,235,At Risk
14462,66,11,2004.02,3,5,4,354,Loyal Customer
14463,98,3,529.62,2,3,3,233,At Risk
14465,247,3,1058.6200000000001,1,3,4,134,At Risk
14466,29,7,2272.4,4,5,5,455,Champion
14467,18,4,598.76,4,4,3,443,Loyal Customer
14470,12,2,461.19,5,3,2,532,Loyal Customer
14472,104,8,1936.84,2,5,4,254,At Risk
14473,74,2,234.34000000000003,2,3,1,231,At Risk
14474,46,1,547.66,3,1,3,313,Lost
14475,72,3,925.85,3,3,3,333,Loyal Customer
14476,257,1,215.7,1,1,1,111,Lost
14477,20,4,1309.6,4,4,4,444,Champion
14479,254,2,316.25,1,3,2,132,At Risk
14480,11,1,279.05,5,1,2,512,New Customer
14481,165,2,636.51,2,3,3,233,At Risk
14482,18,6,2068.15,4,5,5,455,Champion
14483,282,1,137.1,1,1,1,111,Lost
14484,50,1,321.92,3,1,2,312,Promising
14485,39,1,165.75,3,1,1,311,Promising
14487,27,6,1196.33,4,5,4,454,Champion
14488,68,1,1064.28,3,1,4,314,Lost
14489,207,1,463.38,1,1,2,112,Lost
14491,175,2,340.93,2,3,2,232,At Risk
14493,7,5,2383.2400000000002,5,4,5,545,Champion
14494,26,1,139.56,4,1,1,411,New Customer
14495,51,2,123.8,3,3,1,331,Loyal Customer
14496,312,2,538.8100000000001,1,3,3,133,At Risk
14497,309,1,475.37,1,1,2,112,Lost
14498,43,5,1957.32,3,4,4,344,Loyal Customer
14499,26,3,815.32,4,3,3,433,Loyal Customer
14500,88,3,356.85,2,3,2,232,At Risk
14501,184,2,251.21,1,3,2,132,At Risk
14502,20,11,2470.67,4,5,5,455,Champion
14503,3,6,3543.26,5,5,5,555,Champion
14504,47,4,673.26,3,4,3,343,Loyal Customer
14505,17,8,5905.64,4,5,5,455,Champion
14506,17,5,2012.17,4,4,4,444,Champion
14507,24,6,1383.18,4,5,4,454,Champion
14508,22,2,276.42,4,3,2,432,Loyal Customer
14511,11,5,1314.81,5,4,4,544,Champion
14512,188,2,275.28,1,3,2,132,At Risk
14513,101,3,455.59000000000003,2,3,2,232,At Risk
14514,61,3,1055.35,3,3,4,334,Loyal Customer
14515,18,6,2102.09,4,5,5,455,Champion
14517,33,2,330.45,4,3,2,432,Loyal Customer
14518,64,1,174.37,3,1,1,311,Promising
14520,2,2,270.6,5,3,2,532,Loyal Customer
14522,24,4,974.54,4,4,4,444,Champion
14523,108,1,241.09,2,1,1,211,Lost
14524,32,9,1867.68,4,5,4,454,Champion
14525,20,9,4332.2,4,5,5,455,Champion
14527,3,55,8508.82,5,5,5,555,Champion
14528,37,1,364.21999999999997,3,1,2,312,Promising
14529,60,3,620.04,3,3,3,333,Loyal Customer
14530,26,6,2925.91,4,5,5,455,Champion
14532,236,4,932.85,1,4,3,143,At Risk
14533,25,7,1949.72,4,5,4,454,Champion
14534,3,18,4447.05,5,5,5,555,Champion
14535,60,3,2864.19,3,3,5,335,Loyal Customer
14536,260,1,171.8,1,1,1,111,Lost
14537,58,1,355.56,3,1,2,312,Promising
14538,65,2,388.25,3,3,2,332,Loyal Customer
14539,16,2,537.48,4,3,3,433,Loyal Customer
14540,10,3,996.26,5,3,4,534,Loyal Customer
14541,59,8,1461.65,3,5,4,354,Loyal Customer
14542,186,1,103.25,1,1,1,111,Lost
14543,29,16,3630.33,4,5,5,455,Champion
14544,24,2,2024.45,4,3,4,434,Loyal Customer
14546,5,5,2578.09,5,4,5,545,Champion
14547,4,8,4007.54,5,5,5,555,Champion
14548,151,2,652.8,2,3,3,233,At Risk
14549,311,1,289.24,1,1,2,112,Lost
14550,11,2,765.62,5,3,3,533,Loyal Customer
14551,18,2,186.23,4,3,1,431,Loyal Customer
14552,152,1,165.07,2,1,1,211,Lost
14553,19,5,859.27,4,4,3,443,Loyal Customer
14554,10,4,2381.04,5,4,5,545,Champion
14555,57,2,324.14,3,3,2,332,Loyal Customer
14557,85,1,788.38,2,1,3,213,Cannot Lose Them
14560,7,22,2237.77,5,5,5,555,Champion
14561,76,3,1080.76,2,3,4,234,At Risk
14562,4,18,5074.77,5,5,5,555,Champion
14565,96,4,3099.12,2,4,5,245,At Risk
14566,111,1,1432.0,2,1,4,214,Cannot Lose Them
14567,57,2,1530.3600000000001,3,3,4,334,Loyal Customer
14569,1,1,227.39,5,1,1,511,New Customer
14570,281,2,218.06,1,3,1,131,At Risk
14572,3,7,2832.84,5,5,5,555,Champion
14573,180,9,1653.42,1,5,4,154,At Risk
14576,372,1,35.400000000000006,1,1,1,111,Lost
14577,13,4,859.71,5,4,3,543,Loyal Customer
14578,3,1,168.63,5,1,1,511,New Customer
14581,17,1,138.6,4,1,1,411,New Customer
14582,41,1,114.11,3,1,1,311,Promising
14583,6,5,1052.55,5,4,4,544,Champion
14584,169,4,1042.26,2,4,4,244,At Risk
14585,50,1,157.05,3,1,1,311,Promising
14586,277,1,237.36,1,1,1,111,Lost
14587,19,9,1601.14,4,5,4,454,Champion
14589,372,1,39.75,1,1,1,111,Lost
14591,15,4,1447.14,4,4,4,444,Champion
14592,35,3,570.46,3,3,3,333,Loyal Customer
14593,22,3,617.99,4,3,3,433,Loyal Customer
14594,7,2,379.83,5,3,2,532,Loyal Customer
14595,20,6,1740.6,4,5,4,454,Champion
14597,11,2,883.15,5,3,3,533,Loyal Customer
14598,44,1,221.97,3,1,1,311,Promising
14600,306,1,393.33000000000004,1,1,2,112,Lost
14601,11,1,213.96,5,1,1,511,New Customer
14603,275,1,660.0,1,1,3,113,Cannot Lose Them
14606,1,93,12156.65,5,5,5,555,Champion
14607,16,14,16569.5,4,5,5,455,Champion
14608,4,4,1785.15,5,4,4,544,Champion
14609,72,4,601.56,3,4,3,343,Loyal Customer
14616,243,3,406.08000000000004,1,3,2,132,At Risk
14618,9,3,553.44,5,3,3,533,Loyal Customer
14619,246,1,394.44,1,1,2,112,Lost
14620,206,2,412.78000000000003,1,3,2,132,At Risk
14621,1,5,1788.3600000000001,5,4,4,544,Champion
14622,185,1,320.58000000000004,1,1,2,112,Lost
14623,32,5,889.25,4,4,3,443,Loyal Customer
14624,57,2,225.85,3,3,1,331,Loyal Customer
14625,196,2,899.63,1,3,3,133,At Risk
14626,24,4,2791.27,4,4,5,445,Champion
14628,91,2,671.96,2,3,3,233,At Risk
14629,4,2,959.01,5,3,4,534,Loyal Customer
14631,51,3,1006.98,3,3,4,334,Loyal Customer
14632,263,1,114.56,1,1,1,111,Lost
14633,266,1,344.90000000000003,1,1,2,112,Lost
14636,36,2,609.85,3,3,3,333,Loyal Customer
14638,51,1,443.6,3,1,2,312,Promising
14639,52,6,2984.49,3,5,5,355,Loyal Customer
14640,24,6,2125.08,4,5,5,455,Champion
14641,22,1,110.46,4,1,1,411,New Customer
14642,59,1,96.12,3,1,1,311,Promising
14643,170,2,693.8100000000001,2,3,3,233,At Risk
14644,68,2,830.76,3,3,3,333,Loyal Customer
14645,157,2,597.09,2,3,3,233,At Risk
14646,2,73,280206.02,5,5,5,555,Champion
14647,201,1,243.22,1,1,1,111,Lost
14649,5,4,1417.29,5,4,4,544,Champion
14651,67,2,654.6,3,3,3,333,Loyal Customer
14652,77,1,114.18,2,1,1,211,Lost
14653,1,7,1947.55,5,5,4,554,Champion
14655,8,4,1932.23,5,4,4,544,Champion
14656,169,2,291.05,2,3,2,232,At Risk
14657,18,4,848.22,4,4,3,443,Loyal Customer
14658,5,2,247.15,5,3,1,531,Loyal Customer
14659,9,9,2529.93,5,5,5,555,Champion
14660,87,2,285.74,2,3,2,232,At Risk
14661,27,1,107.95,4,1,1,411,New Customer
14662,29,4,771.17,4,4,3,443,Loyal Customer
14664,20,2,637.89,4,3,3,433,Loyal Customer
14665,61,5,1835.7,3,4,4,344,Loyal Customer
14666,24,1,195.25,4,1,1,411,New Customer
14667,11,25,9241.2,5,5,5,555,Champion
14669,242,3,1269.99,1,3,4,134,At Risk
14670,280,2,411.53,1,3,2,132,At Risk
14672,235,2,765.55,1,3,3,133,At Risk
14673,3,5,1736.4,5,4,4,544,Champion
14675,16,1,604.75,4,1,3,413,New Customer
14676,31,6,2548.2400000000002,4,5,5,455,Champion
14680,25,16,28754.11,4,5,5,455,Champion
14681,71,3,498.95,3,3,3,333,Loyal Customer
14682,188,2,52.0,1,3,1,131,At Risk
14684,26,5,1236.28,4,4,4,444,Champion
14687,107,1,628.38,2,1,3,213,Cannot Lose Them
14688,8,21,5630.87,5,5,5,555,Champion
14689,209,1,112.8,1,1,1,111,Lost
14690,44,2,371.7,3,3,2,332,Loyal Customer
14691,31,5,2114.33,4,4,5,445,Champion
14692,137,4,591.55,2,4,3,243,At Risk
14693,265,1,172.9,1,1,1,111,Lost
14696,4,7,2078.95,5,5,5,555,Champion
14697,218,2,188.60999999999999,1,3,1,131,At Risk
14698,2,5,1250.76,5,4,4,544,Champion
14699,214,1,109.13000000000001,1,1,1,111,Lost
14700,32,3,2235.3,4,3,5,435,Loyal Customer
14701,11,9,2549.37,5,5,5,555,Champion
14702,1,17,3292.14,5,5,5,555,Champion
14703,15,1,318.17,4,1,2,412,New Customer
14704,11,9,1546.91,5,5,4,554,Champion
14705,199,1,179.0,1,1,1,111,Lost
14708,3,3,1126.37,5,3,4,534,Loyal Customer
14709,15,13,4921.04,4,5,5,455,Champion
14710,14,4,606.13,4,4,3,443,Loyal Customer
14711,10,11,2868.8,5,5,5,555,Champion
14712,29,3,917.07,4,3,3,433,Loyal Customer
14713,9,11,2666.36,5,5,5,555,Champion
14714,24,1,160.19,4,1,1,411,New Customer
14715,25,4,867.38,4,4,3,443,Loyal Customer
14716,43,2,329.68,3,3,2,332,Loyal Customer
14719,2,5,1602.13,5,4,4,544,Champion
14720,6,3,663.81,5,3,3,533,Loyal Customer
14722,147,1,187.92000000000002,2,1,1,211,Lost
14723,10,6,1158.3,5,5,4,554,Champion
14725,25,1,718.08,4,1,3,413,New Customer
14727,274,1,268.58,1,1,2,112,Lost
14729,374,1,313.49,1,1,2,112,Lost
14730,1,8,2005.06,5,5,4,554,Champion
14731,47,3,380.02,3,3,2,332,Loyal Customer
14732,8,8,2702.4900000000002,5,5,5,555,Champion
14733,16,12,9585.91,4,5,5,455,Champion
14735,4,32,6065.69,5,5,5,555,Champion
14737,4,3,1164.55,5,3,4,534,Loyal Customer
14738,43,7,1314.45,3,5,4,354,Loyal Customer
14739,4,7,3902.28,5,5,5,555,Champion
14740,197,3,1448.21,1,3,4,134,At Risk
14741,12,6,1400.34,5,5,4,554,Champion
14744,16,7,1099.98,4,5,4,454,Champion
14745,113,5,1220.26,2,4,4,244,At Risk
14747,249,1,328.2,1,1,2,112,Lost
14748,29,5,1415.75,4,4,4,444,Champion
14752,44,1,389.64,3,1,2,312,Promising
14753,87,1,563.15,2,1,3,213,Cannot Lose Them
14754,45,2,638.05,3,3,3,333,Loyal Customer
14755,10,11,5010.28,5,5,5,555,Champion
14756,15,1,738.96,4,1,3,413,New Customer
14757,75,1,420.5,2,1,2,212,Lost
14758,145,4,1484.06,2,4,4,244,At Risk
14759,5,3,1625.97,5,3,4,534,Loyal Customer
14760,297,1,89.2,1,1,1,111,Lost
14761,59,2,255.9,3,3,2,332,Loyal Customer
14762,264,1,300.52,1,1,2,112,Lost
14764,47,1,278.3,3,1,2,312,Promising
14765,29,3,254.11,4,3,2,432,Loyal Customer
14766,8,6,2473.37,5,5,5,555,Champion
14768,17,2,192.60000000000002,4,3,1,431,Loyal Customer
14769,3,8,10674.75,5,5,5,555,Champion
14770,232,2,876.42,1,3,3,133,At Risk
14772,112,1,139.26,2,1,1,211,Lost
14775,58,3,1011.9,3,3,4,334,Loyal Customer
14776,51,11,2538.3,3,5,5,355,Loyal Customer
14778,127,2,730.86,2,3,3,233,At Risk
14779,281,3,386.15,1,3,2,132,At Risk
14780,55,2,447.68,3,3,2,332,Loyal Customer
14782,320,1,200.10000000000002,1,1,1,111,Lost
14784,26,2,289.99,4,3,2,432,Loyal Customer
14785,10,2,77.4,5,3,1,531,Loyal Customer
14788,7,2,679.4399999999999,5,3,3,533,Loyal Customer
14789,29,1,197.64,4,1,1,411,New Customer
14790,17,4,745.06,4,4,3,443,Loyal Customer
14792,64,1,6.2,3,1,1,311,Promising
14793,21,1,228.99,4,1,1,411,New Customer
14794,3,7,1319.91,5,5,4,554,Champion
14795,166,1,131.45000000000002,2,1,1,211,Lost
14796,1,17,8022.49,5,5,5,555,Champion
14798,53,3,173.74,3,3,1,331,Loyal Customer
14799,51,1,157.7,3,1,1,311,Promising
14800,48,12,4339.74,3,5,5,355,Loyal Customer
14801,61,1,193.14,3,1,1,311,Promising
14803,162,3,845.55,2,3,3,233,At Risk
14804,9,1,353.27,5,1,2,512,New Customer
14805,15,4,554.65,4,4,3,443,Loyal Customer
14806,75,1,193.39000000000001,2,1,1,211,Lost
14808,40,8,2741.17,3,5,5,355,Loyal Customer
14810,41,11,2087.88,3,5,5,355,Loyal Customer
14813,370,2,155.43,1,3,1,131,At Risk
14815,37,2,778.5,3,3,3,333,Loyal Customer
14816,197,1,271.85,1,1,2,112,Lost
14817,200,2,1110.34,1,3,4,134,At Risk
14818,74,3,657.8,2,3,3,233,At Risk
14819,64,2,272.07,3,3,2,332,Loyal Customer
14820,21,4,507.29,4,4,3,443,Loyal Customer
14821,367,1,48.800000000000004,1,1,1,111,Lost
14823,180,3,321.43,1,3,2,132,At Risk
14824,10,4,1127.71,5,4,4,544,Champion
14825,4,12,2226.91,5,5,5,555,Champion
14828,197,3,2139.76,1,3,5,135,At Risk
14829,29,4,697.55,4,4,3,443,Loyal Customer
14830,53,1,197.13,3,1,1,311,Promising
14834,18,6,1720.3,4,5,4,454,Champion
14836,10,3,102.44999999999999,5,3,1,531,Loyal Customer
14837,90,4,1649.5,2,4,4,244,At Risk
14840,268,1,62.85,1,1,1,111,Lost
14841,53,6,3295.76,3,5,5,355,Loyal Customer
14842,44,4,2824.69,3,4,5,345,Loyal Customer
14844,64,4,3189.81,3,4,5,345,Loyal Customer
14847,149,1,309.4,2,1,2,212,Lost
14849,22,25,7930.54,4,5,5,455,Champion
14850,312,1,325.75,1,1,2,112,Lost
14851,23,2,511.35,4,3,3,433,Loyal Customer
14852,58,6,2836.69,3,5,5,355,Loyal Customer
14853,24,2,475.8,4,3,2,432,Loyal Customer
14854,78,7,2759.83,2,5,5,255,At Risk
14855,119,2,645.65,2,3,3,233,At Risk
14856,36,3,1311.3799999999999,3,3,4,334,Loyal Customer
14857,60,2,1173.12,3,3,4,334,Loyal Customer
14859,13,4,1353.74,5,4,4,544,Champion
14860,19,1,170.32,4,1,1,411,New Customer
14861,52,1,125.79,3,1,1,311,Promising
14862,26,2,841.1999999999999,4,3,3,433,Loyal Customer
14863,29,1,266.76,4,1,2,412,New Customer
14865,7,2,52.2,5,3,1,531,Loyal Customer
14866,11,12,14389.9,5,5,5,555,Champion
14867,186,3,710.28,1,3,3,133,At Risk
14868,3,8,2953.59,5,5,5,555,Champion
14869,9,2,725.7,5,3,3,533,Loyal Customer
14870,262,1,327.25,1,1,2,112,Lost
14871,3,4,522.38,5,4,3,543,Loyal Customer
14873,210,1,519.68,1,1,3,113,Cannot Lose Them
14875,108,2,1465.3200000000002,2,3,4,234,At Risk
14878,13,9,1485.54,5,5,4,554,Champion
14880,77,3,706.19,2,3,3,233,At Risk
14881,20,1,255.4,4,1,2,412,New Customer
14882,27,2,589.7,4,3,3,433,Loyal Customer
14883,19,6,761.59,4,5,3,453,Loyal Customer
14885,132,1,765.3199999999999,2,1,3,213,Cannot Lose Them
14886,253,1,364.8,1,1,2,112,Lost
14887,79,1,1862.0,2,1,4,214,Cannot Lose Them
14888,207,1,369.2,1,1,2,112,Lost
14889,336,1,135.9,1,1,1,111,Lost
14890,254,1,125.65,1,1,1,111,Lost
14891,148,2,554.38,2,3,3,233,At Risk
14893,10,2,1237.8500000000001,5,3,4,534,Loyal Customer
14894,85,1,655.75,2,1,3,213,Cannot Lose Them
14895,8,20,11138.710000000001,5,5,5,555,Champion
14896,205,2,468.77000000000004,1,3,2,132,At Risk
14897,8,4,1366.38,5,4,4,544,Champion
14898,23,6,1303.52,4,5,4,454,Champion
14901,11,9,1421.29,5,5,4,554,Champion
14902,26,1,332.66,4,1,2,412,New Customer
14903,21,5,2810.63,4,4,5,445,Champion
14904,2,2,1025.44,5,3,4,534,Loyal Customer
14905,158,2,616.15,2,3,3,233,At Risk
14907,3,7,3501.1,5,5,5,555,Champion
14908,74,1,277.8,2,1,2,212,Lost
14910,3,4,434.35,5,4,2,542,Loyal Customer
14911,1,201,143825.06,5,5,5,555,Champion
14912,17,2,867.85,4,3,3,433,Loyal Customer
14913,36,4,1227.43,3,4,4,344,Loyal Customer
14915,91,2,307.48,2,3,2,232,At Risk
14916,71,4,1268.98,3,4,4,344,Loyal Customer
14918,116,2,1610.15,2,3,4,234,At Risk
14920,213,2,977.77,1,3,4,134,At Risk
14921,30,2,1316.07,4,3,4,434,Loyal Customer
14923,51,1,749.1,3,1,3,313,Lost
14924,246,1,310.05,1,1,2,112,Lost
14929,32,1,223.88,4,1,1,411,New Customer
14930,109,3,2372.86,2,3,5,235,At Risk
14931,5,5,1257.68,5,4,4,544,Champion
14932,366,1,363.53,1,1,2,112,Lost
14934,82,2,1890.94,2,3,4,234,At Risk
14935,297,1,1784.71,1,1,4,114,Cannot Lose Them
14936,34,8,8137.02,3,5,5,355,Loyal Customer
14937,57,3,1621.88,3,3,4,334,Loyal Customer
14944,30,12,5900.25,4,5,5,455,Champion
14946,14,1,100.9,4,1,1,411,New Customer
14947,72,2,290.82,3,3,2,332,Loyal Customer
14948,23,6,1101.97,4,5,4,454,Champion
14950,19,1,371.2,4,1,2,412,New Customer
14951,79,1,311.69,2,1,2,212,Lost
14952,60,11,8099.49,3,5,5,355,Loyal Customer
14953,25,1,289.82,4,1,2,412,New Customer
14954,12,1,336.17,5,1,2,512,New Customer
14957,253,1,58.49,1,1,1,111,Lost
14958,147,3,499.68,2,3,3,233,At Risk
14959,64,4,695.42,3,4,3,343,Loyal Customer
14960,8,2,221.27,5,3,1,531,Loyal Customer
14961,11,9,7044.68,5,5,5,555,Champion
14962,271,1,126.7,1,1,1,111,Lost
14963,10,5,1487.8,5,4,4,544,Champion
14964,247,1,206.21,1,1,1,111,Lost
14965,96,2,599.0,2,3,3,233,At Risk
14966,15,1,191.32,4,1,1,411,New Customer
14967,50,1,463.8,3,1,2,312,Promising
14968,30,1,147.59,4,1,1,411,New Customer
14970,68,4,1592.06,3,4,4,344,Loyal Customer
14971,35,3,1116.57,3,3,4,334,Loyal Customer
14972,128,1,114.77,2,1,1,211,Lost
14973,107,3,1314.45,2,3,4,234,At Risk
14974,37,1,114.39,3,1,1,311,Promising
14975,57,1,279.94,3,1,2,312,Promising
14976,57,7,790.86,3,5,3,353,Loyal Customer
14978,72,5,1931.42,3,4,4,344,Loyal Customer
14981,246,1,102.12,1,1,1,111,Lost
14984,19,2,213.27,4,3,1,431,Loyal Customer
14985,198,2,296.75,1,3,2,132,At Risk
14987,16,2,326.4,4,3,2,432,Loyal Customer
14988,212,1,334.54,1,1,2,112,Lost
14995,39,2,233.23000000000002,3,3,1,331,Loyal Customer
14997,46,3,546.1999999999999,3,3,3,333,Loyal Customer
14998,170,2,429.87,2,3,2,232,At Risk
15000,48,1,490.52,3,1,3,313,Lost
15002,116,4,1641.76,2,4,4,244,At Risk
15004,147,1,1246.32,2,1,4,214,Cannot Lose Them
15005,16,28,6316.57,4,5,5,455,Champion
15006,51,1,502.09,3,1,3,313,Lost
15007,159,1,156.91,2,1,1,211,Lost
15009,12,3,1261.78,5,3,4,534,Loyal Customer
15010,36,1,308.94,3,1,2,312,Promising
15012,54,2,423.04,3,3,2,332,Loyal Customer
15014,43,2,260.17,3,3,2,332,Loyal Customer
15016,173,1,170.04,2,1,1,211,Lost
15017,34,1,125.58,3,1,1,311,Promising
15018,39,3,496.21000000000004,3,3,3,333,Loyal Customer
15019,267,1,266.0,1,1,2,112,Lost
15021,9,9,1914.82,5,5,4,554,Champion
15022,12,4,905.04,5,4,3,543,Loyal Customer
15023,3,11,6802.76,5,5,5,555,Champion
15024,10,10,1661.33,5,5,4,554,Champion
15025,33,1,377.01,4,1,2,412,New Customer
15026,80,3,469.0,2,3,2,232,At Risk
15027,31,4,1066.1499999999999,4,4,4,444,Champion
15028,8,4,627.13,5,4,3,543,Loyal Customer
15030,72,2,518.28,3,3,3,333,Loyal Customer
15031,4,4,668.14,5,4,3,543,Loyal Customer
15032,256,3,4959.1,1,3,5,135,At Risk
15033,5,10,2586.67,5,5,5,555,Champion
15034,16,8,4308.61,4,5,5,455,Champion
15035,90,1,252.73000000000002,2,1,2,212,Lost
15036,72,3,465.55,3,3,2,332,Loyal Customer
15038,59,6,705.49,3,5,3,353,Loyal Customer
15039,10,47,19914.44,5,5,5,555,Champion
15041,170,1,180.35,2,1,1,211,Lost
15042,199,1,135.93,1,1,1,111,Lost
15043,31,1,537.0,4,1,3,413,New Customer
15044,19,17,7700.2300000000005,4,5,5,455,Champion
15045,152,2,735.66,2,3,3,233,At Risk
15046,9,15,5213.7699999999995,5,5,5,555,Champion
15047,270,1,343.62,1,1,2,112,Lost
15048,65,4,384.05,3,4,2,342,Loyal Customer
15049,274,1,121.17000000000002,1,1,1,111,Lost
15050,25,3,1782.09,4,3,4,434,Loyal Customer
15051,23,3,1391.61,4,3,4,434,Loyal Customer
15052,319,1,215.78,1,1,1,111,Lost
15053,5,3,697.79,5,3,3,533,Loyal Customer
15054,12,2,302.1,5,3,2,532,Loyal Customer
15057,275,2,1489.5,1,3,4,134,At Risk
15058,25,11,2124.9900000000002,4,5,5,455,Champion
15059,41,9,1337.72,3,5,4,354,Loyal Customer
15060,8,4,303.09,5,4,2,542,Loyal Customer
15061,4,48,54534.14,5,5,5,555,Champion
15062,71,4,987.86,3,4,4,344,Loyal Customer
15063,213,1,370.79999999999995,1,1,2,112,Lost
15065,38,4,3158.13,3,4,5,345,Loyal Customer
15066,53,1,893.59,3,1,3,313,Lost
15067,78,3,1744.76,2,3,4,234,At Risk
15068,46,2,553.36,3,3,3,333,Loyal Customer
15069,179,1,1109.53,2,1,4,214,Cannot Lose Them
15070,373,1,106.2,1,1,1,111,Lost
15071,94,2,982.07,2,3,4,234,At Risk
15073,10,3,1043.41,5,3,4,534,Loyal Customer
15074,105,1,748.87,2,1,3,213,Cannot Lose Them
15075,78,1,773.03,2,1,3,213,Cannot Lose Them
15076,173,1,880.85,2,1,3,213,Cannot Lose Them
15078,7,32,9743.11,5,5,5,555,Champion
15079,213,4,895.61,1,4,3,143,At Risk
15081,22,5,504.8,4,4,3,443,Loyal Customer
15083,257,1,88.2,1,1,1,111,Lost
15087,282,1,306.94,1,1,2,112,Lost
15088,21,2,1160.07,4,3,4,434,Loyal Customer
15089,10,6,2420.84,5,5,5,555,Champion
15090,308,1,381.32,1,1,2,112,Lost
15091,68,1,480.71,3,1,2,312,Promising
15092,215,2,457.81,1,3,2,132,At Risk
15093,18,6,4597.02,4,5,5,455,Champion
15095,104,4,1370.6,2,4,4,244,At Risk
15096,43,1,219.39000000000001,3,1,1,311,Promising
15097,4,1,248.08,5,1,1,511,New Customer
15098,182,3,39916.5,1,3,5,135,At Risk
15099,84,1,410.48,2,1,2,212,Lost
15100,334,3,876.0,1,3,3,133,At Risk
15101,9,2,317.53,5,3,2,532,Loyal Customer
15103,31,2,703.36,4,3,3,433,Loyal Customer
15104,197,2,1027.44,1,3,4,134,At Risk
15105,18,7,2298.93,4,5,5,455,Champion
15106,18,5,1422.52,4,4,4,444,Champion
15107,311,6,319.5,1,5,2,152,At Risk
15108,142,4,1300.25,2,4,4,244,At Risk
15109,246,1,484.95,1,1,2,112,Lost
15110,24,4,996.1,4,4,4,444,Champion
15111,29,3,1567.48,4,3,4,434,Loyal Customer
15113,10,3,3609.33,5,3,5,535,Loyal Customer
15114,30,10,2760.56,4,5,5,455,Champion
15115,18,1,340.11,4,1,2,412,New Customer
15116,18,4,1352.75,4,4,4,444,Champion
15117,15,5,1551.78,4,4,4,444,Champion
15118,134,1,244.8,2,1,1,211,Lost
15119,246,1,266.4,1,1,2,112,Lost
15120,134,1,358.82,2,1,2,212,Lost
15121,50,2,457.72,3,3,2,332,Loyal Customer
15122,114,3,1633.78,2,3,4,234,At Risk
15123,7,2,2199.31,5,3,5,535,Loyal Customer
15124,23,2,184.19,4,3,1,431,Loyal Customer
15125,25,15,11528.48,4,5,5,455,Champion
15127,66,1,406.53,3,1,2,312,Promising
15128,60,4,1471.0,3,4,4,344,Loyal Customer
15129,50,11,3447.4,3,5,5,355,Loyal Customer
15130,170,1,330.11,2,1,2,212,Lost
15132,18,5,977.9300000000001,4,4,4,444,Champion
15133,128,3,982.42,2,3,4,234,At Risk
15134,15,8,1387.99,4,5,4,454,Champion
15135,239,1,139.05,1,1,1,111,Lost
15136,3,4,1286.7,5,4,4,544,Champion
15139,240,2,178.96,1,3,1,131,At Risk
15140,52,7,2354.25,3,5,5,355,Loyal Customer
15142,46,1,498.74,3,1,3,313,Lost
15143,226,1,259.45,1,1,2,112,Lost
15144,8,17,6580.44,5,5,5,555,Champion
15145,4,4,1194.73,5,4,4,544,Champion
15146,165,2,1327.16,2,3,4,234,At Risk
15147,240,1,623.5,1,1,3,113,Cannot Lose Them
15148,11,1,301.29,5,1,2,512,New Customer
15149,134,1,520.8000000000001,2,1,3,213,Cannot Lose Them
15150,17,10,5314.47,4,5,5,455,Champion
15152,10,13,4745.69,5,5,5,555,Champion
15153,31,1,329.25,4,1,2,412,New Customer
15154,75,1,296.42,2,1,2,212,Lost
15156,1,3,961.49,5,3,4,534,Loyal Customer
15157,4,3,1936.07,5,3,4,534,Loyal Customer
15158,45,1,401.40000000000003,3,1,2,312,Promising
15159,2,30,18641.010000000002,5,5,5,555,Champion
15160,357,1,158.16,1,1,1,111,Lost
15163,18,2,304.47,4,3,2,432,Loyal Customer
15164,69,3,843.05,3,3,3,333,Loyal Customer
15165,373,1,487.75,1,1,2,112,Lost
15167,321,1,163.0,1,1,1,111,Lost
15168,26,1,106.56,4,1,1,411,New Customer
15171,331,1,1289.5,1,1,4,114,Cannot Lose Them
15172,9,5,1624.05,5,4,4,544,Champion
15174,323,1,135.75,1,1,1,111,Lost
15175,72,1,224.14,3,1,1,311,Promising
15178,260,1,40.5,1,1,1,111,Lost
15179,18,5,2206.95,4,4,5,445,Champion
15180,367,1,87.5,1,1,1,111,Lost
15181,66,3,689.4799999999999,3,3,3,333,Loyal Customer
15182,154,2,622.85,2,3,3,233,At Risk
15184,29,2,406.76,4,3,2,432,Loyal Customer
15185,70,1,310.62,3,1,2,312,Promising
15186,14,2,411.41,4,3,2,432,Loyal Customer
15187,2,16,4777.18,5,5,5,555,Champion
15189,1,41,16225.39,5,5,5,555,Champion
15192,120,3,1044.32,2,3,4,234,At Risk
15193,61,1,499.32,3,1,3,313,Lost
15194,3,15,7616.53,5,5,5,555,Champion
15195,3,1,3861.0,5,1,5,515,New Customer
15197,11,3,1079.6100000000001,5,3,4,534,Loyal Customer
15198,92,2,193.64,2,3,1,231,At Risk
15199,59,4,1268.7,3,4,4,344,Loyal Customer
15201,87,5,1236.54,2,4,4,244,At Risk
15203,26,6,1827.8,4,5,4,454,Champion
15204,357,1,316.58,1,1,2,112,Lost
15205,85,2,653.24,2,3,3,233,At Risk
15206,10,4,420.29999999999995,5,4,2,542,Loyal Customer
15208,1,5,870.12,5,4,3,543,Loyal Customer
15210,225,1,331.18,1,1,2,112,Lost
15211,60,2,894.4100000000001,3,3,3,333,Loyal Customer
15212,241,1,101.8,1,1,1,111,Lost
15213,319,2,328.35,1,3,2,132,At Risk
15214,2,8,1661.44,5,5,4,554,Champion
15215,47,3,734.94,3,3,3,333,Loyal Customer
15216,88,1,96.6,2,1,1,211,Lost
15218,11,11,5756.89,5,5,5,555,Champion
15219,176,1,305.75,2,1,2,212,Lost
15220,52,6,1778.96,3,5,4,354,Loyal Customer
15221,366,1,403.25,1,1,2,112,Lost
15222,319,1,585.0,1,1,3,113,Cannot Lose Them
15223,226,2,755.75,1,3,3,133,At Risk
15224,358,2,322.08,1,3,2,132,At Risk
15225,234,1,409.40000000000003,1,1,2,112,Lost
15226,311,1,154.41,1,1,1,111,Lost
15227,37,5,1219.4,3,4,4,344,Loyal Customer
15228,66,4,3386.71,3,4,5,345,Loyal Customer
15230,239,2,429.6,1,3,2,132,At Risk
15232,113,2,612.06,2,3,3,233,At Risk
15234,277,1,197.0,1,1,1,111,Lost
15235,218,12,2247.51,1,5,5,155,At Risk
15236,299,1,321.05,1,1,2,112,Lost
15237,2,4,1412.32,5,4,4,544,Champion
15238,29,3,1071.99,4,3,4,434,Loyal Customer
15239,10,2,780.59,5,3,3,533,Loyal Customer
15240,45,5,1706.57,3,4,4,344,Loyal Customer
15241,67,8,1756.44,3,5,4,354,Loyal Customer
15243,74,1,316.68,2,1,2,212,Lost
15244,65,2,631.57,3,3,3,333,Loyal Customer
15245,134,3,2515.84,2,3,5,235,At Risk
15246,238,2,514.15,1,3,3,133,At Risk
15247,122,1,356.0,2,1,2,212,Lost
15249,32,13,6688.46,4,5,5,455,Champion
15251,9,11,10484.99,5,5,5,555,Champion
15252,36,2,740.78,3,3,3,333,Loyal Customer
15253,16,5,918.1999999999999,4,4,3,443,Loyal Customer
15254,127,1,300.36,2,1,2,212,Lost
15255,67,1,890.85,3,1,3,313,Lost
15256,149,1,98.45,2,1,1,211,Lost
15257,283,1,317.15,1,1,2,112,Lost
15258,169,2,623.16,2,3,3,233,At Risk
15260,100,7,1810.77,2,5,4,254,At Risk
15261,135,1,254.82,2,1,2,212,Lost
15262,324,1,178.95000000000002,1,1,1,111,Lost
15263,107,1,156.51,2,1,1,211,Lost
15264,64,1,393.74,3,1,2,312,Promising
15265,151,2,1506.1200000000001,2,3,4,234,At Risk
15266,338,1,119.3,1,1,1,111,Lost
15267,22,5,1717.36,4,4,4,444,Champion
15269,24,1,408.8,4,1,2,412,New Customer
15270,16,7,2379.49,4,5,5,455,Champion
15271,7,15,2507.07,5,5,5,555,Champion
15272,57,2,721.94,3,3,3,333,Loyal Customer
15274,4,2,716.57,5,3,3,533,Loyal Customer
15275,38,1,615.14,3,1,3,313,Lost
15276,66,1,135.31,3,1,1,311,Promising
15277,47,1,255.89999999999998,3,1,2,312,Promising
15279,355,1,290.51,1,1,2,112,Lost
15280,172,1,113.12,2,1,1,211,Lost
15281,59,9,2332.15,3,5,5,355,Loyal Customer
15286,50,1,240.55,3,1,1,311,Promising
15287,22,2,486.69,4,3,2,432,Loyal Customer
15288,43,5,2306.52,3,4,5,345,Loyal Customer
15289,29,3,939.78,4,3,3,433,Loyal Customer
15290,5,18,7943.22,5,5,5,555,Champion
15291,26,15,4668.3,4,5,5,455,Champion
15292,201,1,180.94,1,1,1,111,Lost
15296,51,6,3672.86,3,5,5,355,Loyal Customer
15297,10,3,641.94,5,3,3,533,Loyal Customer
15298,2,12,4799.9,5,5,5,555,Champion
15299,67,7,4507.01,3,5,5,355,Loyal Customer
15300,64,1,496.44,3,1,3,313,Lost
15301,51,12,5070.35,3,5,5,355,Loyal Customer
15303,290,1,574.02,1,1,3,113,Cannot Lose Them
15304,61,8,694.4000000000001,3,5,3,353,Loyal Customer
15306,64,3,1174.35,3,3,4,334,Loyal Customer
15307,96,1,205.3,2,1,1,211,Lost
15308,274,1,310.47,1,1,2,112,Lost
15311,1,91,60767.9,5,5,5,555,Champion
15312,75,4,924.85,2,4,3,243,At Risk
15313,110,1,52.0,2,1,1,211,Lost
15314,199,1,327.97,1,1,2,112,Lost
15315,64,2,570.5,3,3,3,333,Loyal Customer
15316,327,1,165.0,1,1,1,111,Lost
15318,4,1,312.62,5,1,2,512,New Customer
15319,284,1,204.5,1,1,1,111,Lost
15320,44,1,267.13,3,1,2,312,Promising
15321,71,3,2748.31,3,3,5,335,Loyal Customer
15322,86,1,679.68,2,1,3,213,Cannot Lose Them
15325,104,1,162.29,2,1,1,211,Lost
15326,334,1,311.71,1,1,2,112,Lost
15327,53,1,208.75,3,1,1,311,Promising
15329,39,3,1049.7,3,3,4,334,Loyal Customer
15330,32,2,714.96,4,3,3,433,Loyal Customer
15332,366,4,1661.06,1,4,4,144,At Risk
15333,208,1,1028.56,1,1,4,114,Cannot Lose Them
15334,157,3,351.67,2,3,2,232,At Risk
15335,54,1,173.97,3,1,1,311,Promising
15339,66,2,574.07,3,3,3,333,Loyal Customer
15341,81,1,2020.52,2,1,4,214,Cannot Lose Them
15342,130,1,406.09,2,1,2,212,Lost
15343,87,1,364.5,2,1,2,212,Lost
15344,1,3,563.94,5,3,3,533,Loyal Customer
15345,46,1,393.54,3,1,2,312,Promising
15346,333,1,252.42000000000002,1,1,2,112,Lost
15347,366,1,201.60000000000002,1,1,1,111,Lost
15348,72,1,158.04,3,1,1,311,Promising
15349,158,2,473.81,2,3,2,232,At Risk
15350,373,1,115.65,1,1,1,111,Lost
15351,12,7,1960.1100000000001,5,5,4,554,Champion
15353,255,2,777.02,1,3,3,133,At Risk
15355,29,2,277.05,4,3,2,432,Loyal Customer
15356,31,10,2766.5,4,5,5,455,Champion
15358,5,22,8347.2,5,5,5,555,Champion
15360,40,1,427.93,3,1,2,312,Promising
15361,362,1,418.92,1,1,2,112,Lost
15363,373,1,326.0,1,1,2,112,Lost
15364,96,2,913.19,2,3,3,233,At Risk
15365,26,7,2314.32,4,5,5,455,Champion
15366,75,2,602.51,2,3,3,233,At Risk
15367,57,4,1877.59,3,4,4,344,Loyal Customer
15368,21,1,446.94000000000005,4,1,2,412,New Customer
15370,41,7,2386.05,3,5,5,355,Loyal Customer
15372,137,1,2007.3999999999999,2,1,4,214,Cannot Lose Them
15373,8,12,2415.91,5,5,5,555,Champion
15374,129,1,168.0,2,1,1,211,Lost
15376,40,3,1233.3600000000001,3,3,4,334,Loyal Customer
15379,169,7,3703.29,2,5,5,255,At Risk
15380,9,5,1690.2600000000002,5,4,4,544,Champion
15381,214,2,596.85,1,3,3,133,At Risk
15382,15,6,5955.71,4,5,5,455,Champion
15384,170,2,642.41,2,3,3,233,At Risk
15385,40,1,316.88,3,1,2,312,Promising
15386,186,1,394.14,1,1,2,112,Lost
15388,270,1,140.54,1,1,1,111,Lost
15389,172,1,500.0,2,1,3,213,Cannot Lose Them
15392,5,4,1535.53,5,4,4,544,Champion
15393,16,2,231.86,4,3,1,431,Loyal Customer
15394,10,4,2183.54,5,4,5,545,Champion
15395,326,1,107.45,1,1,1,111,Lost
15396,113,1,288.18,2,1,2,212,Lost
15397,290,1,94.0,1,1,1,111,Lost
15398,16,2,1345.53,4,3,4,434,Loyal Customer
15399,1,3,815.77,5,3,3,533,Loyal Customer
15400,92,5,716.2,2,4,3,243,At Risk
15402,149,2,626.77,2,3,3,233,At Risk
15405,189,1,349.1,1,1,2,112,Lost
15406,31,2,510.71000000000004,4,3,3,433,Loyal Customer
15407,34,4,1056.44,3,4,4,344,Loyal Customer
15408,264,1,267.18,1,1,2,112,Lost
15410,84,8,3450.84,2,5,5,255,At Risk
15411,26,4,1358.88,4,4,4,444,Champion
15412,171,1,190.53,2,1,1,211,Lost
15414,10,3,774.9000000000001,5,3,3,533,Loyal Customer
15415,313,1,572.8100000000001,1,1,3,113,Cannot Lose Them
15416,65,4,3984.32,3,4,5,345,Loyal Customer
15417,85,1,508.8,2,1,3,213,Cannot Lose Them
15419,25,1,135.86,4,1,1,411,New Customer
15421,59,4,950.36,3,4,4,344,Loyal Customer
15422,323,2,97.7,1,3,1,131,At Risk
15423,38,1,43.5,3,1,1,311,Promising
15424,254,2,383.34,1,3,2,132,At Risk
15426,19,5,1447.39,4,4,4,444,Champion
15427,33,3,1483.14,4,3,4,434,Loyal Customer
15428,15,1,93.78,4,1,1,411,New Customer
15429,27,2,397.35,4,3,2,432,Loyal Customer
15432,23,1,171.19,4,1,1,411,New Customer
15433,214,2,533.3,1,3,3,133,At Risk
15434,8,5,1041.48,5,4,4,544,Champion
15435,22,1,149.29,4,1,1,411,New Customer
15436,12,3,1122.53,5,3,4,534,Loyal Customer
15437,262,1,200.16,1,1,1,111,Lost
15438,131,1,156.57999999999998,2,1,1,211,Lost
15440,55,3,383.68,3,3,2,332,Loyal Customer
15442,249,1,594.0,1,1,3,113,Cannot Lose Them
15443,2,7,3236.91,5,5,5,555,Champion
15444,9,2,1418.26,5,3,4,534,Loyal Customer
15445,264,1,113.5,1,1,1,111,Lost
15447,331,1,155.17,1,1,1,111,Lost
15448,313,1,494.64,1,1,3,113,Cannot Lose Them
15449,26,3,974.52,4,3,4,434,Loyal Customer
15450,30,1,429.84,4,1,2,412,New Customer
15452,30,3,538.73,4,3,3,433,Loyal Customer
15453,2,7,1388.37,5,5,4,554,Champion
15454,362,1,179.1,1,1,1,111,Lost
15456,283,3,447.22,1,3,2,132,At Risk
15457,262,1,237.07,1,1,1,111,Lost
15458,25,1,161.64,4,1,1,411,New Customer
15460,354,1,216.76,1,1,1,111,Lost
15462,94,3,234.6,2,3,1,231,At Risk
15463,29,1,126.14,4,1,1,411,New Customer
15464,338,1,1048.85,1,1,4,114,Cannot Lose Them
15465,20,18,7354.62,4,5,5,455,Champion
15466,85,1,334.53,2,1,2,212,Lost
15467,9,3,524.88,5,3,3,533,Loyal Customer
15468,51,2,467.51,3,3,2,332,Loyal Customer
15469,50,2,538.55,3,3,3,333,Loyal Customer
15471,2,1,469.48,5,1,2,512,New Customer
15472,113,1,371.56,2,1,2,212,Lost
15473,14,7,1771.2,4,5,4,454,Champion
15475,77,1,454.10999999999996,2,1,2,212,Lost
15478,40,2,1441.42,3,3,4,334,Loyal Customer
15480,116,1,905.5,2,1,3,213,Cannot Lose Them
15482,16,12,11054.96,4,5,5,455,Champion
15483,161,4,233.81,2,4,1,241,At Risk
15484,1,4,3594.31,5,4,5,545,Champion
15485,30,3,2575.0,4,3,5,435,Loyal Customer
15488,93,1,91.32000000000001,2,1,1,211,Lost
15489,23,3,1134.28,4,3,4,434,Loyal Customer
15491,95,6,3100.09,2,5,5,255,At Risk
15492,28,2,659.4599999999999,4,3,3,433,Loyal Customer
15493,33,5,2001.8,4,4,4,444,Champion
15494,21,2,1299.23,4,3,4,434,Loyal Customer
15497,18,2,1262.2,4,3,4,434,Loyal Customer
15498,3,27,13316.4,5,5,5,555,Champion
15500,8,4,1131.56,5,4,4,544,Champion
15502,16,12,10384.93,4,5,5,455,Champion
15503,363,1,147.09,1,1,1,111,Lost
15504,81,1,52.83,2,1,1,211,Lost
15505,53,5,3610.96,3,4,5,345,Loyal Customer
15506,23,3,979.26,4,3,4,434,Loyal Customer
15507,172,1,492.36,2,1,3,213,Cannot Lose Them
15508,189,6,1000.27,1,5,4,154,At Risk
15510,331,1,250.0,1,1,1,111,Lost
15511,12,5,909.23,5,4,3,543,Loyal Customer
15512,156,2,121.0,2,3,1,231,At Risk
15513,33,19,14758.220000000001,4,5,5,455,Champion
15514,12,11,4139.46,5,5,5,555,Champion
15516,45,3,62.43,3,3,1,331,Loyal Customer
15517,233,1,267.03,1,1,2,112,Lost
15518,64,8,1942.45,3,5,4,354,Loyal Customer
15520,2,1,343.5,5,1,2,512,New Customer
15521,40,8,3000.2,3,5,5,355,Loyal Customer
15522,33,2,398.84,4,3,2,432,Loyal Customer
15523,84,1,412.01000000000005,2,1,2,212,Lost
15524,25,1,440.0,4,1,2,412,New Customer
15525,2,3,825.92,5,3,3,533,Loyal Customer
15526,33,2,148.44,4,3,1,431,Loyal Customer
15527,19,8,2429.78,4,5,5,455,Champion
15528,254,1,229.33,1,1,1,111,Lost
15529,23,11,3995.23,4,5,5,455,Champion
15530,22,4,1502.35,4,4,4,444,Champion
15531,8,2,2007.44,5,3,4,534,Loyal Customer
15532,25,4,1580.93,4,4,4,444,Champion
15533,19,3,807.57,4,3,3,433,Loyal Customer
15535,173,4,536.4,2,4,3,243,At Risk
15537,163,1,110.92,2,1,1,211,Lost
15539,7,1,538.46,5,1,3,513,New Customer
15540,11,1,213.3,5,1,1,511,New Customer
15541,114,1,85.13000000000001,2,1,1,211,Lost
15543,288,1,127.86,1,1,1,111,Lost
15544,9,9,3546.71,5,5,5,555,Champion
15545,54,2,292.71999999999997,3,3,2,332,Loyal Customer
15547,7,14,4954.84,5,5,5,555,Champion
15549,77,3,1693.26,2,3,4,234,At Risk
15550,4,4,575.63,5,4,3,543,Loyal Customer
15551,37,1,436.06,3,1,2,312,Promising
15552,217,1,90.12,1,1,1,111,Lost
15553,60,1,437.23,3,1,2,312,Promising
15554,278,1,217.2,1,1,1,111,Lost
15555,12,16,4805.17,5,5,5,555,Champion
15556,24,1,279.77,4,1,2,412,New Customer
15557,29,1,473.65000000000003,4,1,2,412,New Customer
15561,12,4,800.59,5,4,3,543,Loyal Customer
15562,352,1,134.55,1,1,1,111,Lost
15563,22,4,1400.44,4,4,4,444,Champion
15565,50,2,173.16,3,3,1,331,Loyal Customer
15567,19,1,186.01,4,1,1,411,New Customer
15568,3,3,758.29,5,3,3,533,Loyal Customer
15569,104,5,1375.71,2,4,4,244,At Risk
15570,7,12,4165.52,5,5,5,555,Champion
15571,12,4,650.4300000000001,5,4,3,543,Loyal Customer
15572,5,7,2552.86,5,5,5,555,Champion
15573,32,2,607.45,4,3,3,433,Loyal Customer
15574,178,4,702.25,2,4,3,243,At Risk
15576,38,1,940.6700000000001,3,1,3,313,Lost
15577,151,3,258.88,2,3,2,232,At Risk
15578,162,1,127.1,2,1,1,211,Lost
15579,69,2,348.6,3,3,2,332,Loyal Customer
15581,121,13,3679.9700000000003,2,5,5,255,At Risk
15582,25,3,682.9100000000001,4,3,3,433,Loyal Customer
15584,24,4,725.11,4,4,3,443,Loyal Customer
15585,177,1,455.3,2,1,2,212,Lost
15587,50,4,913.6800000000001,3,4,3,343,Loyal Customer
15589,256,3,478.53000000000003,1,3,2,132,At Risk
15592,47,1,388.58,3,1,2,312,Promising
15593,71,1,199.8,3,1,1,311,Promising
15594,16,5,1771.78,4,4,4,444,Champion
15596,101,5,1406.59,2,4,4,244,At Risk
15597,35,1,324.57,3,1,2,312,Promising
15598,53,1,240.68,3,1,1,311,Promising
15599,27,2,761.74,4,3,3,433,Loyal Customer
15601,11,14,6776.56,5,5,5,555,Champion
15602,8,9,1297.8700000000001,5,5,4,554,Champion
15603,79,1,48.480000000000004,2,1,1,211,Lost
15604,52,1,216.39,3,1,1,311,Promising
15605,36,5,1198.23,3,4,4,344,Loyal Customer
15606,61,9,2920.16,3,5,5,355,Loyal Customer
15607,337,1,104.76,1,1,1,111,Lost
15608,28,4,1093.68,4,4,4,444,Champion
15609,184,1,298.48,1,1,2,112,Lost
15610,52,1,112.46000000000001,3,1,1,311,Promising
15611,10,13,1591.45,5,5,4,554,Champion
15612,36,2,195.15,3,3,1,331,Loyal Customer
15615,10,23,10399.74,5,5,5,555,Champion
15618,33,4,776.851,4,4,3,443,Loyal Customer
15619,11,1,336.40000000000003,5,1,2,512,New Customer
15620,57,3,1553.18,3,3,4,334,Loyal Customer
15621,4,4,1293.03,5,4,4,544,Champion
15622,43,9,3709.56,3,5,5,355,Loyal Customer
15623,141,1,301.03,2,1,2,212,Lost
15624,117,4,588.13,2,4,3,243,At Risk
15625,104,4,1534.26,2,4,4,244,At Risk
15626,75,2,675.8,2,3,3,233,At Risk
15628,5,9,2870.2400000000002,5,5,5,555,Champion
15630,45,2,1186.35,3,3,4,334,Loyal Customer
15632,16,8,3285.31,4,5,5,455,Champion
15634,17,1,243.55,4,1,1,411,New Customer
15636,90,2,724.76,2,3,3,233,At Risk
15637,53,1,223.36,3,1,1,311,Promising
15639,134,1,425.32,2,1,2,212,Lost
15640,4,15,12515.66,5,5,5,555,Champion
15641,105,4,1887.2,2,4,4,244,At Risk
15643,192,3,664.0,1,3,3,133,At Risk
15644,166,4,813.0,2,4,3,243,At Risk
15645,19,1,612.01,4,1,3,413,New Customer
15646,158,3,447.64000000000004,2,3,2,232,At Risk
15648,204,2,657.35,1,3,3,133,At Risk
15649,336,2,816.0,1,3,3,133,At Risk
15651,37,3,646.3,3,3,3,333,Loyal Customer
15652,91,1,337.74,2,1,2,212,Lost
15653,93,2,877.4399999999999,2,3,3,233,At Risk
15654,9,2,922.53,5,3,3,533,Loyal Customer
15655,243,1,560.67,1,1,3,113,Cannot Lose Them
15656,45,4,748.5,3,4,3,343,Loyal Customer
15657,23,1,30.0,4,1,1,411,New Customer
15658,190,5,1024.1000000000001,1,4,4,144,At Risk
15659,44,1,306.45,3,1,2,312,Promising
15660,25,9,1600.86,4,5,4,454,Champion
15661,317,2,309.8,1,3,2,132,At Risk
15663,106,1,138.14,2,1,1,211,Lost
15664,51,1,386.43,3,1,2,312,Promising
15665,168,2,2242.01,2,3,5,235,At Risk
15667,40,1,301.32,3,1,2,312,Promising
15668,218,1,76.32000000000001,1,1,1,111,Lost
15669,40,4,684.34,3,4,3,343,Loyal Customer
15670,297,1,173.05,1,1,1,111,Lost
15671,19,7,2657.13,4,5,5,455,Champion
15673,88,4,2881.02,2,4,5,245,At Risk
15674,73,5,2446.6,2,4,5,245,At Risk
15675,81,3,323.69,2,3,2,232,At Risk
15676,19,3,3435.76,4,3,5,435,Loyal Customer
15677,49,1,657.23,3,1,3,313,Lost
15678,53,1,352.7,3,1,2,312,Promising
15679,24,4,781.28,4,4,3,443,Loyal Customer
15680,9,3,1333.68,5,3,4,534,Loyal Customer
15681,25,5,1426.16,4,4,4,444,Champion
15683,117,1,193.75,2,1,1,211,Lost
15687,9,9,2993.1,5,5,5,555,Champion
15689,120,2,254.1,2,3,2,232,At Risk
15690,4,2,239.76,5,3,1,531,Loyal Customer
15691,252,1,136.8,1,1,1,111,Lost
15692,28,1,191.04,4,1,1,411,New Customer
15694,1,14,6479.4,5,5,5,555,Champion
15695,267,2,409.98,1,3,2,132,At Risk
15696,33,8,2736.46,4,5,5,455,Champion
15699,18,1,309.65,4,1,2,412,New Customer
15700,172,2,696.68,2,3,3,233,At Risk
15701,2,4,1542.14,5,4,4,544,Champion
15703,265,1,211.5,1,1,1,111,Lost
15704,140,4,2293.62,2,4,5,245,At Risk
15705,201,1,143.1,1,1,1,111,Lost
15706,64,4,1060.56,3,4,4,344,Loyal Customer
15707,35,4,945.58,3,4,4,344,Loyal Customer
15708,41,7,3364.2400000000002,3,5,5,355,Loyal Customer
15709,284,1,133.25,1,1,1,111,Lost
15712,9,5,1072.3600000000001,5,4,4,544,Champion
15713,143,2,356.7,2,3,2,232,At Risk
15714,12,2,330.88,5,3,2,532,Loyal Customer
15716,146,4,1118.81,2,4,4,244,At Risk
15717,234,1,150.3,1,1,1,111,Lost
15719,33,13,5045.61,4,5,5,455,Champion
15720,24,1,598.73,4,1,3,413,New Customer
15721,12,1,507.08,5,1,3,513,New Customer
15722,36,5,2222.56,3,4,5,345,Loyal Customer
15723,365,1,203.1,1,1,1,111,Lost
15724,201,2,218.25,1,3,1,131,At Risk
15725,15,1,415.25,4,1,2,412,New Customer
15727,17,7,5178.96,4,5,5,455,Champion
15729,213,1,85.0,1,1,1,111,Lost
15730,66,3,1120.88,3,3,4,334,Loyal Customer
15732,212,2,294.12,1,3,2,132,At Risk
15733,283,1,162.3,1,1,1,111,Lost
15734,115,2,1339.45,2,3,4,234,At Risk
15737,15,8,1205.1200000000001,4,5,4,454,Champion
15738,19,16,4812.42,4,5,5,455,Champion
15739,66,1,449.12,3,1,2,312,Promising
15740,49,1,154.88,3,1,1,311,Promising
15743,16,4,784.46,4,4,3,443,Loyal Customer
15744,78,1,34.8,2,1,1,211,Lost
15745,19,4,1094.59,4,4,4,444,Champion
15746,134,1,196.88,2,1,1,211,Lost
15747,13,3,974.04,5,3,4,534,Loyal Customer
15748,40,1,149.31,3,1,1,311,Promising
15749,235,3,44534.3,1,3,5,135,At Risk
15750,3,8,2465.48,5,5,5,555,Champion
15752,40,7,2637.38,3,5,5,355,Loyal Customer
15753,305,1,79.2,1,1,1,111,Lost
15754,51,3,458.57,3,3,2,332,Loyal Customer
15755,10,6,2364.25,5,5,5,555,Champion
15756,61,4,532.96,3,4,3,343,Loyal Customer
15757,66,2,714.42,3,3,3,333,Loyal Customer
15758,25,1,205.25,4,2,1,421,New Customer
15759,218,3,253.04,1,3,2,132,At Risk
15762,65,2,583.75,3,3,3,333,Loyal Customer
15763,32,2,1086.92,4,3,4,434,Loyal Customer
15764,88,6,3279.97,2,5,5,255,At Risk
15766,64,1,315.06,3,2,2,322,Promising
15768,116,3,621.8299999999999,2,4,3,243,At Risk
15769,7,26,56252.72,5,5,5,555,Champion
15773,6,1,635.6800000000001,5,2,3,523,New Customer
15774,69,1,270.8,3,2,2,322,Promising
15775,245,1,104.9,1,2,1,121,Lost
15776,133,1,241.62,2,2,1,221,Lost
15777,241,4,1047.11,1,4,4,144,At Risk
15780,184,3,475.28000000000003,1,4,2,142,At Risk
15781,25,3,345.46,4,4,2,442,Loyal Customer
15782,10,3,2614.7400000000002,5,4,5,545,Champion
15783,11,1,246.3,5,2,1,521,New Customer
15785,33,5,2328.9700000000003,4,4,5,445,Champion
15786,46,3,4932.2,3,4,5,345,Loyal Customer
15787,26,3,948.05,4,4,4,444,Champion
15789,358,1,351.3,1,2,2,122,Lost
15790,10,1,220.85,5,2,1,521,New Customer
15791,44,2,1612.69,3,3,4,334,Loyal Customer
15793,15,3,965.61,4,4,4,444,Champion
15795,150,1,610.01,2,2,3,223,Cannot Lose Them
15796,1,8,2711.56,5,5,5,555,Champion
15797,113,4,2207.4,2,4,5,245,At Risk
15799,76,3,884.14,2,4,3,243,At Risk
15800,107,2,699.08,2,3,3,233,At Risk
15801,46,3,1063.95,3,4,4,344,Loyal Customer
15802,143,1,451.42,2,2,2,222,Lost
15803,51,1,415.82000000000005,3,2,2,322,Promising
15804,1,13,4206.39,5,5,5,555,Champion
15805,23,17,5528.4800000000005,4,5,5,455,Champion
15806,46,3,784.58,3,4,3,343,Loyal Customer
15807,50,3,903.9,3,4,3,343,Loyal Customer
15808,306,4,3734.9700000000003,1,4,5,145,At Risk
15809,36,5,515.77,3,4,3,343,Loyal Customer
15810,79,4,1391.98,2,4,4,244,At Risk
15811,22,6,2218.62,4,5,5,455,Champion
15812,107,5,1801.14,2,4,4,244,At Risk
15813,208,2,1303.9099999999999,1,3,4,134,At Risk
15814,17,4,1945.33,4,4,4,444,Champion
15815,64,5,2100.6,3,4,5,345,Loyal Customer
15819,49,4,1905.45,3,4,4,344,Loyal Customer
15820,320,1,206.98,1,2,1,121,Lost
15821,44,2,570.96,3,3,3,333,Loyal Customer
15822,3,2,885.47,5,3,3,533,Loyal Customer
15823,372,1,15.0,1,2,1,121,Lost
15825,172,1,532.94,2,2,3,223,Cannot Lose Them
15826,56,3,1654.31,3,4,4,344,Loyal Customer
15827,73,14,1836.0900000000001,2,5,4,254,At Risk
15829,99,2,636.14,2,3,3,233,At Risk
15830,38,1,576.0,3,2,3,323,Lost
15831,58,3,801.76,3,4,3,343,Loyal Customer
15832,254,1,836.79,1,2,3,123,Cannot Lose Them
15834,70,4,2233.75,3,4,5,345,Loyal Customer
15835,44,4,954.09,3,4,4,344,Loyal Customer
15836,50,1,137.37,3,2,1,321,Promising
15837,65,1,391.98,3,2,2,322,Promising
15838,11,19,33643.08,5,5,5,555,Champion
15839,33,3,1048.49,4,4,4,444,Champion
15840,59,2,355.56,3,3,2,332,Loyal Customer
15841,73,4,1224.06,2,4,4,244,At Risk
15843,304,1,118.95000000000002,1,2,1,121,Lost
15844,46,1,130.73999999999998,3,2,1,321,Promising
15845,18,8,3711.77,4,5,5,455,Champion
15847,38,2,389.27,3,3,2,332,Loyal Customer
15850,19,2,238.85,4,3,1,431,Loyal Customer
15852,187,2,160.71,1,3,1,131,At Risk
15853,52,1,110.8,3,2,1,321,Promising
15854,4,12,2974.65,5,5,5,555,Champion
15855,137,5,712.24,2,4,3,243,At Risk
15856,4,27,16387.57,5,5,5,555,Champion
15857,19,1,297.0,4,2,2,422,New Customer
15858,16,5,1438.85,4,4,4,444,Champion
15860,41,8,977.21,3,5,4,354,Loyal Customer
15861,12,8,3165.36,5,5,5,555,Champion
15862,8,4,832.88,5,4,3,543,Loyal Customer
15863,26,2,68.84,4,3,1,431,Loyal Customer
15864,22,6,1936.3200000000002,4,5,4,454,Champion
15865,41,3,895.13,3,4,3,343,Loyal Customer
15866,101,1,230.53,2,2,1,221,Lost
15867,5,15,3812.64,5,5,5,555,Champion
15869,277,2,149.64,1,3,1,131,At Risk
15870,33,1,354.09000000000003,4,2,2,422,New Customer
15872,15,2,360.93,4,3,2,432,Loyal Customer
15874,64,7,4405.88,3,5,5,355,Loyal Customer
15877,2,2,493.28,5,3,3,533,Loyal Customer
15880,369,1,343.28000000000003,1,2,2,122,Lost
15881,312,5,501.39000000000004,1,4,3,143,At Risk
15882,199,4,516.36,1,4,3,143,At Risk
15883,2,2,396.48,5,3,2,532,Loyal Customer
15885,93,3,379.35,2,4,2,242,At Risk
15886,60,1,181.09,3,2,1,321,Promising
15888,81,1,168.31,2,2,1,221,Lost
15889,157,2,446.87,2,3,2,232,At Risk
15891,227,1,524.52,1,2,3,123,Cannot Lose Them
15894,253,2,263.55,1,3,2,132,At Risk
15895,150,1,179.17,2,2,1,221,Lost
15897,194,2,222.05,1,3,1,131,At Risk
15898,1,5,1388.88,5,4,4,544,Champion
15899,369,1,56.25,1,2,1,121,Lost
15900,24,1,351.11,4,2,2,422,New Customer
15901,17,3,363.88,4,4,2,442,Loyal Customer
15903,10,7,5126.76,5,5,5,555,Champion
15904,8,1,164.68,5,2,1,521,New Customer
15906,20,7,1567.69,4,5,4,454,Champion
15907,4,3,967.45,5,4,4,544,Champion
15909,174,1,191.94,2,2,1,221,Lost
15910,1,8,1232.18,5,5,4,554,Champion
15912,178,2,264.62,2,3,2,232,At Risk
15916,16,8,1528.09,4,5,4,454,Champion
15917,248,1,123.1,1,2,1,121,Lost
15918,191,2,334.23,1,3,2,132,At Risk
15919,20,2,639.89,4,3,3,433,Loyal Customer
15920,154,4,167.5,2,4,1,241,At Risk
15921,173,1,336.03000000000003,2,2,2,222,Lost
15922,373,1,369.5,1,2,2,122,Lost
15923,373,1,127.08,1,2,1,121,Lost
15925,194,1,207.15,1,2,1,121,Lost
15930,67,1,426.63,3,2,2,322,Promising
15932,4,8,2495.87,5,5,5,555,Champion
15933,21,3,1107.46,4,4,4,444,Champion
15935,239,2,416.86,1,3,2,132,At Risk
15937,64,1,145.35,3,2,1,321,Promising
15938,112,5,404.58,2,4,2,242,At Risk
15939,90,15,6115.01,2,5,5,255,At Risk
15940,311,1,35.8,1,2,1,121,Lost
15942,134,1,337.44,2,2,2,222,Lost
15944,277,1,325.1,1,2,2,122,Lost
15945,365,1,181.0,1,2,1,121,Lost
15947,83,1,1708.24,2,2,4,224,Cannot Lose Them
15948,8,2,955.24,5,3,4,534,Loyal Customer
15949,17,2,364.72,4,3,2,432,Loyal Customer
15950,32,4,1765.51,4,4,4,444,Champion
15951,9,2,708.22,5,3,3,533,Loyal Customer
15952,34,4,806.57,3,4,3,343,Loyal Customer
15953,15,8,1659.3799999999999,4,5,4,454,Champion
15955,24,14,4416.26,4,5,5,455,Champion
15957,32,1,428.89,4,2,2,422,New Customer
15958,74,1,104.35,2,2,1,221,Lost
15963,20,2,470.76,4,3,2,432,Loyal Customer
15965,17,4,845.64,4,4,3,443,Loyal Customer
15967,23,2,418.83,4,3,2,432,Loyal Customer
15969,3,3,666.1,5,4,3,543,Loyal Customer
15970,304,1,314.1,1,2,2,122,Lost
15971,18,12,4199.85,4,5,5,455,Champion
15973,367,1,307.82000000000005,1,2,2,122,Lost
15974,39,7,3442.15,3,5,5,355,Loyal Customer
15975,84,1,371.01,2,2,2,222,Lost
15976,165,2,430.94,2,3,2,232,At Risk
15977,17,2,1054.73,4,3,4,434,Loyal Customer
15978,77,1,1098.78,2,2,4,224,Cannot Lose Them
15980,89,3,2398.86,2,4,5,245,At Risk
15981,25,8,3408.48,4,5,5,455,Champion
15983,22,4,1475.02,4,4,4,444,Champion
15984,3,10,2837.67,5,5,5,555,Champion
15985,123,2,1142.42,2,3,4,234,At Risk
15986,30,1,168.12,4,2,1,421,New Customer
15987,12,7,1451.28,5,5,4,554,Champion
15988,19,1,158.03,4,2,1,421,New Customer
15990,44,2,792.11,3,3,3,333,Loyal Customer
15992,4,1,41.989999999999995,5,2,1,521,New Customer
15993,9,7,2797.57,5,5,5,555,Champion
15994,55,1,427.07,3,2,2,322,Promising
15996,88,6,1060.68,2,5,4,254,At Risk
15998,37,5,3089.97,3,4,5,345,Loyal Customer
16000,3,3,12393.7,5,4,5,545,Champion
16003,30,5,2735.37,4,4,5,445,Champion
16005,12,4,615.39,5,4,3,543,Loyal Customer
16006,211,1,101.4,1,2,1,121,Lost
16007,48,4,1701.94,3,4,4,344,Loyal Customer
16008,24,3,478.78,4,4,2,442,Loyal Customer
16009,22,4,992.71,4,4,4,444,Champion
16010,246,3,407.5,1,4,2,142,At Risk
16011,8,16,3362.71,5,5,5,555,Champion
16012,35,3,1415.29,3,4,4,344,Loyal Customer
16013,4,47,37130.6,5,5,5,555,Champion
16014,38,3,662.38,3,4,3,343,Loyal Customer
16015,4,3,705.39,5,4,3,543,Loyal Customer
16016,3,8,1508.76,5,5,4,554,Champion
16017,47,1,211.88,3,2,1,321,Promising
16018,39,2,408.90000000000003,3,3,2,332,Loyal Customer
16019,47,9,3786.2400000000002,3,5,5,355,Loyal Customer
16020,17,3,851.01,4,4,3,443,Loyal Customer
16022,260,1,628.28,1,2,3,123,Cannot Lose Them
16023,46,3,719.81,3,4,3,343,Loyal Customer
16024,12,1,251.24,5,2,2,522,New Customer
16025,30,1,439.65999999999997,4,2,2,422,New Customer
16026,43,1,236.09,3,2,1,321,Promising
16027,92,6,934.62,2,5,3,253,At Risk
16029,39,63,81024.84,3,5,5,355,Loyal Customer
16030,310,1,331.24,1,2,2,122,Lost
16031,92,2,548.94,2,3,3,233,At Risk
16033,6,20,8816.4,5,5,5,555,Champion
16034,196,3,437.7,1,4,2,142,At Risk
16036,87,2,758.92,2,3,3,233,At Risk
16037,270,3,855.02,1,4,3,143,At Risk
16038,8,3,471.78000000000003,5,4,2,542,Loyal Customer
16040,65,3,1313.55,3,4,4,344,Loyal Customer
16041,31,3,3166.4,4,4,5,445,Champion
16042,22,5,1197.27,4,4,4,444,Champion
16043,38,4,773.99,3,4,3,343,Loyal Customer
16045,120,4,1340.7,2,4,4,244,At Risk
16048,373,2,256.44,1,3,2,132,At Risk
16049,40,3,1111.79,3,4,4,344,Loyal Customer
16050,174,1,137.9,2,2,1,221,Lost
16052,54,1,362.06,3,2,2,322,Promising
16053,33,2,1511.95,4,3,4,434,Loyal Customer
16054,145,1,783.9,2,2,3,223,Cannot Lose Them
16055,221,1,134.8,1,2,1,121,Lost
16056,45,1,664.85,3,2,3,323,Lost
16057,16,7,2263.12,4,5,5,455,Champion
16059,66,6,1459.8600000000001,3,5,4,354,Loyal Customer
16062,10,4,1153.62,5,4,4,544,Champion
16063,260,1,335.32,1,2,2,122,Lost
16065,365,1,372.09,1,2,2,122,Lost
16066,17,5,1521.87,4,4,4,444,Champion
16070,22,2,852.15,4,3,3,433,Loyal Customer
16071,45,1,326.24,3,2,2,322,Promising
16072,288,1,584.3199999999999,1,2,3,123,Cannot Lose Them
16073,297,1,122.39999999999999,1,2,1,121,Lost
16076,3,10,2234.73,5,5,5,555,Champion
16078,284,1,79.2,1,2,1,121,Lost
16079,17,3,1352.0,4,4,4,444,Champion
16080,82,2,217.16,2,3,1,231,At Risk
16081,56,5,2806.9,3,4,5,345,Loyal Customer
16083,101,2,1317.62,2,3,4,234,At Risk
16084,299,1,436.18,1,2,2,122,Lost
16085,23,5,981.51,4,4,4,444,Champion
16086,59,5,1121.39,3,4,4,344,Loyal Customer
16091,155,2,315.06,2,3,2,232,At Risk
16092,115,3,817.86,2,4,3,243,At Risk
16093,107,1,17.0,2,2,1,221,Lost
16094,12,4,1078.23,5,4,4,544,Champion
16096,264,1,320.62,1,2,2,122,Lost
16097,240,1,185.04999999999998,1,2,1,121,Lost
16098,88,7,2005.63,2,5,4,254,At Risk
16099,50,3,731.9,3,4,3,343,Loyal Customer
16101,71,1,1290.7,3,2,4,324,Lost
16102,42,3,1842.14,3,4,4,344,Loyal Customer
16103,7,6,1429.64,5,5,4,554,Champion
16104,62,1,302.36,3,2,2,322,Promising
16105,249,1,336.96,1,2,2,122,Lost
16106,66,1,108.38,3,2,1,321,Promising
16107,18,7,3204.1600000000003,4,5,5,455,Champion
16108,85,1,842.5,2,2,3,223,Cannot Lose Them
16109,219,2,611.88,1,3,3,133,At Risk
16110,45,3,1337.48,3,4,4,344,Loyal Customer
16112,143,4,195.73999999999998,2,4,1,241,At Risk
16113,183,1,161.38,1,2,1,121,Lost
16114,171,1,135.75000000000003,2,2,1,221,Lost
16115,10,8,1667.97,5,5,4,554,Champion
16116,212,1,612.78,1,2,3,123,Cannot Lose Them
16117,190,1,232.21,1,2,1,121,Lost
16119,8,2,423.36,5,3,2,532,Loyal Customer
16120,59,4,1309.14,3,4,4,344,Loyal Customer
16121,57,2,867.11,3,3,3,333,Loyal Customer
16122,73,4,684.4200000000001,2,4,3,243,At Risk
16123,52,1,307.78,3,2,2,322,Promising
16124,317,1,249.0,1,2,1,121,Lost
16125,367,1,289.35,1,2,2,122,Lost
16126,29,4,6287.77,4,4,5,445,Champion
16127,39,1,656.25,3,2,3,323,Lost
16128,18,5,1880.22,4,4,4,444,Champion
16131,52,6,3506.54,3,5,5,355,Loyal Customer
16133,4,33,14589.04,5,5,5,555,Champion
16134,22,2,618.09,4,3,3,433,Loyal Customer
16135,263,1,517.55,1,2,3,123,Cannot Lose Them
16136,60,3,709.38,3,4,3,343,Loyal Customer
16139,19,3,635.41,4,4,3,443,Loyal Customer
16140,66,2,725.18,3,3,3,333,Loyal Customer
16141,88,1,620.4,2,2,3,223,Cannot Lose Them
16142,250,1,535.34,1,2,3,123,Cannot Lose Them
16143,3,6,2424.94,5,5,5,555,Champion
16144,247,1,175.2,1,2,1,121,Lost
16145,9,11,3799.4900000000002,5,5,5,555,Champion
16146,157,3,734.13,2,4,3,243,At Risk
16147,134,1,375.0,2,2,2,222,Lost
16148,296,1,76.32000000000001,1,2,1,121,Lost
16149,5,2,280.52,5,3,2,532,Loyal Customer
16150,43,5,2053.02,3,4,4,344,Loyal Customer
16152,269,1,1829.04,1,2,4,124,Cannot Lose Them
16153,50,5,1824.23,3,4,4,344,Loyal Customer
16156,9,9,3122.04,5,5,5,555,Champion
16157,16,3,656.69,4,4,3,443,Loyal Customer
16159,282,1,348.2,1,2,2,122,Lost
16160,65,2,1025.44,3,3,4,334,Loyal Customer
16161,2,19,5575.56,5,5,5,555,Champion
16162,252,1,37.4,1,2,1,121,Lost
16163,232,2,856.6,1,3,3,133,At Risk
16164,17,3,822.48,4,4,3,443,Loyal Customer
16168,11,27,3787.6,5,5,5,555,Champion
16169,8,4,1822.97,5,4,4,544,Champion
16170,51,6,1885.05,3,5,4,354,Loyal Customer
16171,59,1,73.2,3,2,1,321,Promising
16172,95,5,1140.21,2,4,4,244,At Risk
16173,16,6,1418.32,4,5,4,454,Champion
16174,126,3,1009.5500000000001,2,4,4,244,At Risk
16175,94,4,1037.59,2,4,4,244,At Risk
16177,50,1,331.95,3,2,2,322,Promising
16178,138,1,197.9,2,2,1,221,Lost
16179,61,1,215.83,3,2,1,321,Promising
16180,100,8,10254.18,2,5,5,255,At Risk
16181,73,1,305.54,2,2,2,222,Lost
16182,72,4,6617.65,3,4,5,345,Loyal Customer
16183,67,1,338.71000000000004,3,2,2,322,Promising
16184,64,6,1158.79,3,5,4,354,Loyal Customer
16185,17,2,529.41,4,3,3,433,Loyal Customer
16186,23,12,4006.94,4,5,5,455,Champion
16187,32,15,6911.4400000000005,4,5,5,455,Champion
16188,45,4,981.86,3,4,4,344,Loyal Customer
16189,16,2,215.48,4,3,1,431,Loyal Customer
16190,40,1,215.08,3,2,1,321,Promising
16191,3,13,5180.52,5,5,5,555,Champion
16193,237,1,314.45,1,2,2,122,Lost
16198,75,1,400.68100000000004,2,2,2,222,Lost
16200,4,2,1080.6200000000001,5,3,4,534,Loyal Customer
16201,3,4,1863.47,5,4,4,544,Champion
16202,361,1,365.27,1,2,2,122,Lost
16203,59,4,592.9,3,4,3,343,Loyal Customer
16204,23,1,405.71,4,2,2,422,New Customer
16205,31,4,761.38,4,4,3,443,Loyal Customer
16206,55,4,537.0600000000001,3,4,3,343,Loyal Customer
16207,25,1,394.38,4,2,2,422,New Customer
16208,45,2,664.26,3,3,3,333,Loyal Customer
16209,89,5,2262.62,2,4,5,245,At Risk
16210,2,18,21086.3,5,5,5,555,Champion
16211,89,1,547.02,2,2,3,223,Cannot Lose Them
16212,19,2,690.34,4,3,3,433,Loyal Customer
16213,79,1,159.0,2,2,1,221,Lost
16214,171,3,1062.75,2,4,4,244,At Risk
16215,81,1,242.35,2,2,1,221,Lost
16216,267,1,914.9300000000001,1,2,3,123,Cannot Lose Them
16217,235,2,304.25,1,3,2,132,At Risk
16218,30,7,3084.68,4,5,5,455,Champion
16221,37,3,864.86,3,4,3,343,Loyal Customer
16222,318,1,846.72,1,2,3,123,Cannot Lose Them
16224,57,4,1295.3,3,4,4,344,Loyal Customer
16225,45,5,1096.32,3,4,4,344,Loyal Customer
16226,203,3,255.12,1,4,2,142,At Risk
16227,225,1,314.22,1,2,2,122,Lost
16229,87,2,1010.6,2,3,4,234,At Risk
16230,190,2,542.03,1,3,3,133,At Risk
16232,44,4,990.88,3,4,4,344,Loyal Customer
16233,71,3,536.6800000000001,3,4,3,343,Loyal Customer
16235,41,5,867.31,3,4,3,343,Loyal Customer
16236,78,1,432.2,2,2,2,222,Lost
16239,57,2,414.2,3,3,2,332,Loyal Customer
16240,24,2,3718.8,4,3,5,435,Loyal Customer
16241,10,13,2607.87,5,5,5,555,Champion
16242,8,7,3603.21,5,5,5,555,Champion
16243,34,2,409.1,3,3,2,332,Loyal Customer
16244,212,2,1522.75,1,3,4,134,At Risk
16245,24,3,1413.66,4,4,4,444,Champion
16247,170,1,114.56,2,2,1,221,Lost
16248,62,1,152.94,3,2,1,321,Promising
16249,53,5,1800.07,3,4,4,344,Loyal Customer
16250,261,2,389.44,1,3,2,132,At Risk
16253,67,2,3683.86,3,3,5,335,Loyal Customer
16255,17,8,2619.91,4,5,5,455,Champion
16256,267,1,752.4300000000001,1,2,3,123,Cannot Lose Them
16257,177,1,46.95,2,2,1,221,Lost
16258,45,5,5203.51,3,4,5,345,Loyal Customer
16260,51,1,1035.45,3,2,4,324,Lost
16261,17,4,746.83,4,4,3,443,Loyal Customer
16265,9,9,5447.0,5,5,5,555,Champion
16266,74,7,861.89,2,5,3,253,At Risk
16268,71,2,667.65,3,3,3,333,Loyal Customer
16270,353,1,1141.24,1,2,4,124,Cannot Lose Them
16271,3,5,1429.24,5,4,4,544,Champion
16272,117,1,411.7,2,2,2,222,Lost
16274,373,1,357.95,1,2,2,122,Lost
16275,197,1,559.87,1,2,3,123,Cannot Lose Them
16276,177,1,810.6000000000001,2,2,3,223,Cannot Lose Them
16278,100,1,566.38,2,2,3,223,Cannot Lose Them
16279,21,3,1509.58,4,4,4,444,Champion
16281,72,1,2062.06,3,2,5,325,Lost
16282,340,1,168.3,1,2,1,121,Lost
16283,6,5,1570.81,5,4,4,544,Champion
16284,31,2,823.97,4,3,3,433,Loyal Customer
16287,170,1,142.5,2,2,1,221,Lost
16292,122,1,302.25,2,2,2,222,Lost
16293,22,10,2248.9900000000002,4,5,5,455,Champion
16295,10,4,1328.55,5,4,4,544,Champion
16297,269,1,301.9,1,2,2,122,Lost
16298,23,3,598.2,4,4,3,443,Loyal Customer
16302,127,1,233.22,2,2,1,221,Lost
16303,26,3,5360.63,4,4,5,445,Champion
16305,139,1,361.21999999999997,2,2,2,222,Lost
16306,214,6,632.27,1,5,3,153,At Risk
16308,38,4,2560.0,3,4,5,345,Loyal Customer
16309,106,2,706.57,2,3,3,233,At Risk
16311,18,2,616.26,4,3,3,433,Loyal Customer
16313,3,2,274.15000000000003,5,3,2,532,Loyal Customer
16315,331,1,226.37,1,2,1,121,Lost
16316,64,8,2938.91,3,5,5,355,Loyal Customer
16317,120,3,1341.65,2,4,4,244,At Risk
16318,35,1,328.15,3,2,2,322,Promising
16319,218,1,404.40000000000003,1,2,2,122,Lost
16320,172,2,1038.46,2,3,4,234,At Risk
16321,72,5,373.65000000000003,3,4,2,342,Loyal Customer
16322,1,2,326.75,5,3,2,532,Loyal Customer
16323,196,1,207.50000000000003,1,2,1,121,Lost
16324,128,3,428.68,2,4,2,242,At Risk
16325,47,3,594.24,3,4,3,343,Loyal Customer
16326,6,14,3110.96,5,5,5,555,Champion
16327,14,6,3844.22,4,5,5,455,Champion
16330,18,3,251.91,4,4,2,442,Loyal Customer
16332,28,7,1593.2,4,5,4,454,Champion
16333,8,22,26626.8,5,5,5,555,Champion
16337,37,1,151.05,3,2,1,321,Promising
16338,157,1,214.79999999999998,2,2,1,221,Lost
16339,284,1,109.95,1,2,1,121,Lost
16340,107,1,549.07,2,2,3,223,Cannot Lose Them
16341,25,4,1971.87,4,4,4,444,Champion
16342,75,4,322.41,2,4,2,242,At Risk
16343,16,2,370.47999999999996,4,3,2,432,Loyal Customer
16344,158,1,101.10000000000001,2,2,1,221,Lost
16345,44,1,575.41,3,2,3,323,Lost
16347,11,2,887.65,5,3,3,533,Loyal Customer
16348,32,7,1469.45,4,5,4,454,Champion
16349,291,1,53.5,1,2,1,121,Lost
16350,21,4,1116.47,4,4,4,444,Champion
16351,333,1,153.9,1,2,1,121,Lost
16352,18,2,494.44,4,3,3,433,Loyal Customer
16353,4,23,6675.71,5,5,5,555,Champion
16354,63,2,395.8,3,3,2,332,Loyal Customer
16356,198,3,211.77,1,4,1,141,At Risk
16357,33,3,658.88,4,4,3,443,Loyal Customer
16358,1,4,2027.5,5,4,4,544,Champion
16359,7,9,1750.92,5,5,4,554,Champion
16360,5,6,3512.53,5,5,5,555,Champion
16361,10,4,896.66,5,4,3,543,Loyal Customer
16362,32,5,734.77,4,4,3,443,Loyal Customer
16363,53,1,109.36000000000001,3,2,1,321,Promising
16364,12,2,707.04,5,3,3,533,Loyal Customer
16365,18,9,1540.42,4,5,4,454,Champion
16366,19,1,327.3,4,2,2,422,New Customer
16367,37,2,804.49,3,3,3,333,Loyal Customer
16368,2,2,497.43,5,3,3,533,Loyal Customer
16369,18,3,1553.66,4,4,4,444,Champion
16370,82,4,1320.56,2,4,4,244,At Risk
16372,33,2,367.93,4,3,2,432,Loyal Customer
16374,66,2,473.03000000000003,3,3,2,332,Loyal Customer
16376,9,2,987.01,5,3,4,534,Loyal Customer
16377,267,1,676.2,1,2,3,123,Cannot Lose Them
16378,247,3,362.95,1,4,2,142,At Risk
16379,4,4,2157.4,5,4,5,545,Champion
16380,61,1,1780.59,3,2,4,324,Lost
16383,75,2,668.36,2,3,3,233,At Risk
16384,90,2,584.5,2,3,3,233,At Risk
16385,60,3,555.89,3,4,3,343,Loyal Customer
16386,29,2,317.2,4,3,2,432,Loyal Customer
16387,323,1,94.36,1,2,1,121,Lost
16389,53,4,1382.07,3,4,4,344,Loyal Customer
16392,270,1,221.19,1,2,1,121,Lost
16393,2,13,3046.21,5,5,5,555,Champion
16394,57,5,1555.34,3,4,4,344,Loyal Customer
16395,61,5,1486.9,3,4,4,344,Loyal Customer
16398,154,2,1705.8,2,3,4,234,At Risk
16399,19,2,408.57,4,3,2,432,Loyal Customer
16400,95,1,303.93,2,2,2,222,Lost
16401,1,12,4098.32,5,5,5,555,Champion
16402,265,2,299.6,1,3,2,132,At Risk
16403,312,1,177.5,1,2,1,121,Lost
16404,70,1,443.05,3,2,2,322,Promising
16405,302,2,167.25,1,3,1,131,At Risk
16406,19,1,163.07,4,2,1,421,New Customer
16407,13,10,2126.93,5,5,5,555,Champion
16409,36,5,2028.88,3,4,4,344,Loyal Customer
16411,19,2,214.65,4,3,1,431,Loyal Customer
16412,54,1,151.83,3,2,1,321,Promising
16413,57,1,262.2,3,2,2,322,Promising
16414,22,2,126.25,4,3,1,431,Loyal Customer
16415,44,1,210.35,3,2,1,321,Promising
16416,27,3,1051.4,4,4,4,444,Champion
16418,45,3,675.27,3,4,3,343,Loyal Customer
16419,113,6,972.23,2,5,4,254,At Risk
16422,17,51,34684.4,4,5,5,455,Champion
16423,25,1,346.12,4,2,2,422,New Customer
16424,191,1,133.56,1,2,1,121,Lost
16425,302,1,302.7,1,2,2,122,Lost
16426,2,10,1908.25,5,5,4,554,Champion
16427,263,2,241.06,1,3,1,131,At Risk
16429,106,1,284.55,2,2,2,222,Lost
16430,57,1,300.85,3,2,2,322,Promising
16431,213,3,642.81,1,4,3,143,At Risk
16432,64,1,287.4,3,2,2,322,Promising
16433,28,1,184.26,4,2,1,421,New Customer
16434,29,7,1522.25,4,5,4,454,Champion
16438,6,5,798.35,5,4,3,543,Loyal Customer
16440,8,5,3640.67,5,4,5,545,Champion
16441,67,2,381.2,3,3,2,332,Loyal Customer
16442,2,3,616.79,5,4,3,543,Loyal Customer
16444,46,4,654.67,3,4,3,343,Loyal Customer
16445,34,1,230.51,3,2,1,321,Promising
16446,1,2,168472.5,5,3,5,535,Loyal Customer
16447,136,1,259.01,2,2,2,222,Lost
16448,198,1,188.89000000000001,1,2,1,121,Lost
16449,198,2,707.69,1,3,3,133,At Risk
16450,150,1,311.92,2,2,2,222,Lost
16451,88,1,266.97,2,2,2,222,Lost
16454,45,2,6.9,3,3,1,331,Loyal Customer
16455,64,7,1841.18,3,5,4,354,Loyal Customer
16456,99,5,2158.37,2,4,5,245,At Risk
16457,218,1,208.36,1,2,1,121,Lost
16458,3,18,3482.7400000000002,5,5,5,555,Champion
16460,28,3,814.72,4,4,3,443,Loyal Customer
16461,178,1,151.42,2,2,1,221,Lost
16462,74,3,136.0,2,4,1,241,At Risk
16463,21,4,1422.4,4,4,4,444,Champion
16464,20,3,1314.68,4,4,4,444,Champion
16466,34,7,1603.46,3,5,4,354,Loyal Customer
16468,74,1,74.9,2,2,1,221,Lost
16469,24,4,650.43,4,4,3,443,Loyal Customer
16470,52,4,762.39,3,4,3,343,Loyal Customer
16471,275,1,223.95000000000002,1,2,1,121,Lost
16473,165,3,316.11,2,4,2,242,At Risk
16474,7,7,1871.5,5,5,4,554,Champion
16475,88,4,544.3,2,4,3,243,At Risk
16477,64,7,2494.46,3,5,5,355,Loyal Customer
16478,25,3,331.0,4,4,2,442,Loyal Customer
16479,10,2,300.83,5,3,2,532,Loyal Customer
16480,76,1,769.29,2,2,3,223,Cannot Lose Them
16482,16,1,220.62,4,2,1,421,New Customer
16483,192,1,139.35,1,2,1,121,Lost
16484,174,2,404.3,2,3,2,232,At Risk
16485,77,1,363.65,2,2,2,222,Lost
16488,33,3,498.8,4,4,3,443,Loyal Customer
16491,47,1,731.5,3,2,3,323,Lost
16493,80,4,1351.63,2,4,4,244,At Risk
16494,297,1,826.53,1,2,3,123,Cannot Lose Them
16495,3,3,684.41,5,4,3,543,Loyal Customer
16496,9,3,1599.52,5,4,4,544,Champion
16497,50,6,2965.69,3,5,5,355,Loyal Customer
16498,161,2,100.97,2,3,1,231,At Risk
16499,360,2,365.45,1,3,2,132,At Risk
16500,5,6,400.86,5,5,2,552,Loyal Customer
16503,107,4,1431.93,2,4,4,244,At Risk
16504,25,1,484.38,4,2,2,422,New Customer
16505,32,1,777.6,4,2,3,423,New Customer
16506,20,2,90.30000000000001,4,3,1,431,Loyal Customer
16509,297,1,363.7,1,2,2,122,Lost
16510,372,1,248.1,1,2,1,121,Lost
16511,22,3,950.26,4,4,4,444,Champion
16513,5,4,874.59,5,4,3,543,Loyal Customer
16515,52,5,1627.13,3,4,4,344,Loyal Customer
16516,30,1,101.69999999999999,4,2,1,421,New Customer
16517,277,1,162.7,1,2,1,121,Lost
16518,61,2,484.32,3,3,2,332,Loyal Customer
16519,25,2,215.07999999999998,4,3,1,431,Loyal Customer
16520,186,3,1046.57,1,4,4,144,At Risk
16523,2,21,9418.470000000001,5,5,5,555,Champion
16525,2,26,13027.45,5,5,5,555,Champion
16526,172,1,290.36,2,2,2,222,Lost
16527,81,1,228.06,2,2,1,221,Lost
16528,4,1,244.41,5,2,1,521,New Customer
16529,190,1,455.25,1,2,2,122,Lost
16531,22,7,1244.59,4,5,4,454,Champion
16532,18,3,6748.8,4,4,5,445,Champion
16533,19,3,1095.56,4,4,4,444,Champion
16535,5,1,593.75,5,2,3,523,New Customer
16536,110,1,548.97,2,2,3,223,Cannot Lose Them
16539,3,4,1388.81,5,4,4,544,Champion
16542,54,1,119.62,3,2,1,321,Promising
16545,165,1,339.3,2,2,2,222,Lost
16546,291,2,787.15,1,3,3,133,At Risk
16549,10,10,4154.64,5,5,5,555,Champion
16550,109,5,2298.97,2,4,5,245,At Risk
16551,96,3,922.12,2,4,3,243,At Risk
16552,243,2,379.73,1,3,2,132,At Risk
16553,163,12,5719.82,2,5,5,255,At Risk
16554,42,3,837.1,3,4,3,343,Loyal Customer
16555,35,2,285.89,3,3,2,332,Loyal Customer
16556,67,7,3313.79,3,5,5,355,Loyal Customer
16557,24,2,281.85,4,3,2,432,Loyal Customer
16558,1,20,8338.49,5,5,5,555,Champion
16560,27,2,841.41,4,3,3,433,Loyal Customer
16561,6,2,511.12,5,3,3,533,Loyal Customer
16563,54,1,1077.74,3,2,4,324,Lost
16565,364,1,173.7,1,2,1,121,Lost
16566,15,5,614.66,4,4,3,443,Loyal Customer
16567,194,2,865.6,1,3,3,133,At Risk
16569,3,1,124.2,5,2,1,521,New Customer
16570,15,10,3738.4,4,5,5,455,Champion
16571,27,3,1421.69,4,4,4,444,Champion
16572,127,3,1009.6,2,4,4,244,At Risk
16573,85,2,663.61,2,3,3,233,At Risk
16574,71,1,451.44,3,2,2,322,Promising
16581,183,1,105.84,1,2,1,121,Lost
16582,113,1,313.62,2,2,2,222,Lost
16583,374,1,233.45,1,2,1,121,Lost
16584,80,2,936.08,2,3,3,233,At Risk
16586,249,1,463.95,1,2,2,122,Lost
16587,232,1,225.15,1,2,1,121,Lost
16589,71,3,459.24,3,4,2,342,Loyal Customer
16591,69,1,213.5,3,2,1,321,Promising
16592,4,16,4113.68,5,5,5,555,Champion
16593,51,3,330.03,3,4,2,342,Loyal Customer
16594,75,1,181.09,2,2,1,221,Lost
16595,61,1,360.16,3,2,2,322,Promising
16596,16,2,250.15,4,3,1,431,Loyal Customer
16597,4,1,90.04,5,2,1,521,New Customer
16598,286,1,145.04999999999998,1,2,1,121,Lost
16600,4,6,813.52,5,5,3,553,Loyal Customer
16601,41,1,244.79999999999998,3,2,1,321,Promising
16602,36,1,528.08,3,2,3,323,Lost
16603,75,2,482.47,2,3,2,232,At Risk
16607,18,14,3347.71,4,5,5,455,Champion
16609,15,7,5493.46,4,5,5,455,Champion
16610,219,1,75.66,1,2,1,121,Lost
16611,186,1,129.49,1,2,1,121,Lost
16612,33,4,1187.66,4,4,4,444,Champion
16613,70,1,618.59,3,2,3,323,Lost
16614,183,1,506.19,1,2,3,123,Cannot Lose Them
16616,15,2,500.42,4,3,3,433,Loyal Customer
16617,236,1,151.85,1,2,1,121,Lost
16618,31,5,2647.59,4,4,5,445,Champion
16619,264,1,226.21,1,2,1,121,Lost
16620,4,2,178.96,5,3,1,531,Loyal Customer
16621,52,4,813.48,3,4,3,343,Loyal Customer
16623,246,1,129.45,1,2,1,121,Lost
16624,81,2,810.5699999999999,2,3,3,233,At Risk
16625,275,1,333.08,1,2,2,122,Lost
16626,1,17,4413.1,5,5,5,555,Champion
16627,79,1,322.8,2,2,2,222,Lost
16628,30,5,2188.05,4,4,5,445,Champion
16629,74,2,417.73,2,3,2,232,At Risk
16633,17,6,2883.1,4,5,5,455,Champion
16634,223,2,217.9,1,3,1,131,At Risk
16637,32,4,1154.47,4,4,4,444,Champion
16638,23,10,1680.72,4,5,4,454,Champion
16639,31,3,1257.51,4,4,4,444,Champion
16641,106,1,231.10000000000002,2,2,1,221,Lost
16642,5,2,688.33,5,3,3,533,Loyal Customer
16643,246,1,487.51,1,2,2,122,Lost
16644,178,2,833.78,2,3,3,233,At Risk
16647,170,2,214.06,2,3,1,231,At Risk
16648,43,1,290.65999999999997,3,2,2,322,Promising
16650,72,1,518.42,3,2,3,323,Lost
16652,59,7,6773.97,3,5,5,355,Loyal Customer
16653,16,2,1212.66,4,3,4,434,Loyal Customer
16654,141,4,601.27,2,4,3,243,At Risk
16655,18,6,3794.52,4,5,5,455,Champion
16656,22,15,8625.8,4,5,5,455,Champion
16657,10,4,933.62,5,4,3,543,Loyal Customer
16658,368,1,123.24,1,2,1,121,Lost
16659,189,1,39.12,1,2,1,121,Lost
16660,16,4,1267.6499999999999,4,4,4,444,Champion
16665,362,1,135.39999999999998,1,2,1,121,Lost
16666,19,1,118.98,4,2,1,421,New Customer
16667,68,2,570.13,3,3,3,333,Loyal Customer
16668,15,6,306.71999999999997,4,5,2,452,Loyal Customer
16669,24,3,1374.8700000000001,4,4,4,444,Champion
16670,17,11,4095.9,4,5,5,455,Champion
16671,28,3,1692.27,4,4,4,444,Champion
16672,2,20,8134.9400000000005,5,5,5,555,Champion
16674,55,2,319.61,3,3,2,332,Loyal Customer
16676,34,4,1592.1200000000001,3,4,4,344,Loyal Customer
16678,3,12,3109.99,5,5,5,555,Champion
16679,366,1,129.75,1,2,1,121,Lost
16680,43,1,183.7,3,2,1,321,Promising
16681,73,6,1770.34,2,5,4,254,At Risk
16682,5,5,1028.0,5,4,4,544,Champion
16684,4,28,66653.56,5,5,5,555,Champion
16685,61,2,324.24,3,3,2,332,Loyal Customer
16686,47,7,3062.83,3,5,5,355,Loyal Customer
16688,1,4,1260.86,5,4,4,544,Champion
16689,76,2,422.59999999999997,2,3,2,232,At Risk
16690,72,2,225.57999999999998,3,3,1,331,Loyal Customer
16692,256,2,1276.0,1,3,4,134,At Risk
16693,69,2,482.01,3,3,2,332,Loyal Customer
16696,135,4,657.9000000000001,2,4,3,243,At Risk
16697,241,1,112.75,1,2,1,121,Lost
16698,227,2,1998.0,1,3,4,134,At Risk
16700,9,13,5076.55,5,5,5,555,Champion
16701,9,13,5398.3,5,5,5,555,Champion
16705,1,20,14034.99,5,5,5,555,Champion
16706,37,3,531.35,3,4,3,343,Loyal Customer
16708,46,1,656.63,3,2,3,323,Lost
16709,85,5,3029.87,2,4,5,245,At Risk
16710,19,10,2483.04,4,5,5,455,Champion
16711,3,5,1651.03,5,4,4,544,Champion
16712,9,11,3645.43,5,5,5,555,Champion
16713,19,15,6923.13,4,5,5,455,Champion
16714,219,3,1161.53,1,4,4,144,At Risk
16715,78,1,301.71999999999997,2,2,2,222,Lost
16716,267,2,901.2,1,3,3,133,At Risk
16717,24,6,3858.38,4,5,5,455,Champion
16718,369,1,623.75,1,2,3,123,Cannot Lose Them
16719,15,7,1790.42,4,5,4,454,Champion
16720,26,1,155.24,4,2,1,421,New Customer
16721,262,1,292.47,1,2,2,122,Lost
16722,17,13,4730.81,4,5,5,455,Champion
16723,91,2,589.15,2,3,3,233,At Risk
16725,302,7,781.02,1,5,3,153,At Risk
16726,26,5,1382.02,4,4,4,444,Champion
16727,364,1,272.82,1,2,2,122,Lost
16728,46,4,1054.67,3,4,4,344,Loyal Customer
16729,38,21,7239.92,3,5,5,355,Loyal Customer
16730,52,3,743.11,3,4,3,343,Loyal Customer
16732,32,1,603.75,4,2,3,423,New Customer
16734,52,3,650.51,3,4,3,343,Loyal Customer
16735,79,5,2300.56,2,4,5,245,At Risk
16737,53,1,417.59999999999997,3,2,2,322,Promising
16738,298,1,3.75,1,2,1,121,Lost
16739,177,1,323.0,2,2,2,222,Lost
16742,47,1,464.9,3,2,2,322,Promising
16743,29,7,2238.09,4,5,5,455,Champion
16744,11,7,1304.76,5,5,4,554,Champion
16745,87,17,7194.3,2,5,5,255,At Risk
16746,5,18,6697.66,5,5,5,555,Champion
16747,38,2,836.06,3,3,3,333,Loyal Customer
16748,18,5,1515.9,4,4,4,444,Champion
16750,45,5,623.93,3,4,3,343,Loyal Customer
16751,31,1,1764.72,4,2,4,424,New Customer
16752,373,1,207.5,1,2,1,121,Lost
16753,58,1,223.92000000000002,3,2,1,321,Promising
16754,372,1,2002.4,1,2,4,124,Cannot Lose Them
16755,114,3,1496.83,2,4,4,244,At Risk
16756,215,1,239.4,1,2,1,121,Lost
16757,319,1,106.83000000000001,1,2,1,121,Lost
16758,65,1,369.34000000000003,3,2,2,322,Promising
16759,8,3,789.79,5,4,3,543,Loyal Customer
16761,97,1,316.62,2,2,2,222,Lost
16762,20,3,1501.38,4,4,4,444,Champion
16763,199,1,611.85,1,2,3,123,Cannot Lose Them
16764,4,13,2799.25,5,5,5,555,Champion
16765,294,1,34.0,1,2,1,121,Lost
16766,273,2,1145.6,1,3,4,134,At Risk
16767,31,11,5580.6,4,5,5,455,Champion
16768,48,3,478.09000000000003,3,4,2,342,Loyal Customer
16769,260,1,380.39,1,2,2,122,Lost
16770,58,5,770.1,3,4,3,343,Loyal Customer
16771,33,5,2246.81,4,4,5,445,Champion
16773,57,1,171.59,3,2,1,321,Promising
16774,68,4,661.52,3,4,3,343,Loyal Customer
16775,10,11,1695.66,5,5,4,554,Champion
16776,60,1,388.28,3,2,2,322,Promising
16777,80,2,226.35,2,3,1,231,At Risk
16778,74,2,245.94,2,3,1,231,At Risk
16779,2,22,10629.720000000001,5,5,5,555,Champion
16780,100,2,425.19,2,3,2,232,At Risk
16781,372,1,311.25,1,2,2,122,Lost
16782,10,13,2279.9,5,5,5,555,Champion
16784,20,1,107.6,4,2,1,421,New Customer
16788,123,2,597.48,2,3,3,233,At Risk
16789,8,1,80.8,5,2,1,521,New Customer
16790,4,6,1545.6200000000001,5,5,4,554,Champion
16791,29,7,1721.78,4,5,4,454,Champion
16792,282,2,110.38000000000001,1,3,1,131,At Risk
16793,57,1,243.84,3,2,1,321,Promising
16794,1,10,1222.71,5,5,4,554,Champion
16795,365,1,414.88,1,2,2,122,Lost
16796,89,1,305.62,2,2,2,222,Lost
16800,11,1,1201.49,5,2,4,524,New Customer
16801,163,4,1619.73,2,4,4,244,At Risk
16803,65,1,332.3,3,2,2,322,Promising
16804,23,3,536.99,4,4,3,443,Loyal Customer
16805,174,2,460.59,2,3,2,232,At Risk
16806,103,4,801.49,2,4,3,243,At Risk
16807,143,3,1121.59,2,4,4,244,At Risk
16808,99,2,288.42,2,3,2,232,At Risk
16809,23,5,914.69,4,4,3,443,Loyal Customer
16810,192,1,309.54,1,2,2,122,Lost
16811,5,2,547.07,5,3,3,533,Loyal Customer
16812,361,1,479.35,1,2,2,122,Lost
16813,8,10,1692.98,5,5,4,554,Champion
16814,14,21,6509.1,4,5,5,455,Champion
16816,103,4,417.06,2,4,2,242,At Risk
16817,3,9,1604.75,5,5,4,554,Champion
16818,11,11,3349.57,5,5,5,555,Champion
16820,96,1,497.61,2,2,3,223,Cannot Lose Them
16823,227,1,358.38,1,2,2,122,Lost
16824,16,2,460.64,4,3,2,432,Loyal Customer
16825,39,2,775.1800000000001,3,3,3,333,Loyal Customer
16826,51,1,341.7,3,2,2,322,Promising
16828,93,2,128.5,2,3,1,231,At Risk
16829,157,1,197.22,2,2,1,221,Lost
16830,39,1,325.91,3,2,2,322,Promising
16832,184,3,199.15,1,4,1,141,At Risk
16833,1,4,1106.53,5,4,4,544,Champion
16834,228,1,413.46,1,2,2,122,Lost
16835,128,2,180.85,2,3,1,231,At Risk
16836,40,2,251.87,3,3,2,332,Loyal Customer
16837,31,11,3170.98,4,5,5,455,Champion
16838,197,2,588.85,1,3,3,133,At Risk
16839,9,34,16594.35,5,5,5,555,Champion
16841,37,6,1869.82,3,5,4,354,Loyal Customer
16842,101,3,1264.19,2,4,4,244,At Risk
16843,43,16,10196.57,3,5,5,355,Loyal Customer
16846,50,1,214.32,3,2,1,321,Promising
16847,43,1,193.44,3,2,1,321,Promising
16848,53,1,281.42,3,2,2,322,Promising
16849,187,1,124.57,1,2,1,121,Lost
16850,334,1,332.41,1,2,2,122,Lost
16851,4,3,342.45,5,4,2,542,Loyal Customer
16852,10,2,144.91000000000003,5,3,1,531,Loyal Customer
16855,24,2,328.4,4,3,2,432,Loyal Customer
16856,15,1,35.400000000000006,4,2,1,421,New Customer
16858,369,1,375.69000000000005,1,2,2,122,Lost
16859,145,2,747.81,2,3,3,233,At Risk
16861,60,2,173.76,3,3,1,331,Loyal Customer
16863,31,2,502.8,4,3,3,433,Loyal Customer
16866,141,3,207.73999999999998,2,4,1,241,At Risk
16869,23,4,825.42,4,4,3,443,Loyal Customer
16871,22,6,2812.34,4,5,5,455,Champion
16872,77,3,680.02,2,4,3,243,At Risk
16873,5,6,7123.62,5,5,5,555,Champion
16875,67,5,2095.53,3,4,5,345,Loyal Customer
16877,12,6,853.72,5,5,3,553,Loyal Customer
16878,84,1,13.3,2,2,1,221,Lost
16880,31,7,1519.08,4,5,4,454,Champion
16881,67,1,432.0,3,2,2,322,Promising
16882,67,3,705.12,3,4,3,343,Loyal Customer
16883,187,2,276.73,1,3,2,132,At Risk
16884,38,2,429.84000000000003,3,3,2,332,Loyal Customer
16885,15,3,471.51,4,4,2,442,Loyal Customer
16887,35,1,194.88,3,2,1,321,Promising
16889,195,3,1578.67,1,4,4,144,At Risk
16891,2,5,809.7,5,4,3,543,Loyal Customer
16892,1,5,525.54,5,4,3,543,Loyal Customer
16893,367,1,145.93,1,2,1,121,Lost
16895,65,1,219.14,3,2,1,321,Promising
16897,299,2,289.78,1,3,2,132,At Risk
16898,26,3,508.81,4,4,3,443,Loyal Customer
16899,8,6,1281.56,5,5,4,554,Champion
16900,17,3,887.11,4,4,3,443,Loyal Customer
16902,116,1,1706.88,2,2,4,224,Cannot Lose Them
16903,29,1,373.24,4,2,2,422,New Customer
16904,4,16,3754.27,5,5,5,555,Champion
16905,5,7,3102.43,5,5,5,555,Champion
16906,82,4,579.77,2,4,3,243,At Risk
16907,29,5,981.65,4,4,4,444,Champion
16909,72,1,379.14,3,2,2,322,Promising
16910,4,8,1510.06,5,5,4,554,Champion
16912,29,11,2575.38,4,5,5,455,Champion
16913,290,1,113.44,1,2,1,121,Lost
16914,36,1,208.46,3,2,1,321,Promising
16915,9,6,621.6800000000001,5,5,3,553,Loyal Customer
16916,24,2,576.26,4,3,3,433,Loyal Customer
16917,277,1,391.52,1,2,2,122,Lost
16918,50,6,1068.82,3,5,4,354,Loyal Customer
16919,156,11,2596.45,2,5,5,255,At Risk
16921,61,1,169.79,3,2,1,321,Promising
16923,12,19,7247.61,5,5,5,555,Champion
16924,21,3,846.75,4,4,3,443,Loyal Customer
16926,371,1,230.25,1,2,1,121,Lost
16927,116,3,543.05,2,4,3,243,At Risk
16928,80,17,2847.6,2,5,5,255,At Risk
16929,4,7,1295.39,5,5,4,554,Champion
16930,26,3,380.55,4,4,2,442,Loyal Customer
16931,5,21,4604.22,5,5,5,555,Champion
16932,53,1,161.94,3,2,1,321,Promising
16933,1,2,563.23,5,3,3,533,Loyal Customer
16934,55,2,950.9300000000001,3,3,4,334,Loyal Customer
16936,26,1,262.68,4,2,2,422,New Customer
16938,9,4,2736.38,5,4,5,545,Champion
16940,52,3,3049.88,3,4,5,345,Loyal Customer
16942,13,9,1920.59,5,5,4,554,Champion
16943,212,3,816.73,1,4,3,143,At Risk
16945,22,19,4345.5,4,5,5,455,Champion
16947,236,1,406.48,1,2,2,122,Lost
16948,139,3,435.02,2,4,2,242,At Risk
16949,4,6,1286.27,5,5,4,554,Champion
16950,57,3,1178.56,3,4,4,344,Loyal Customer
16951,135,3,1277.75,2,4,4,244,At Risk
16952,109,2,167.61,2,3,1,231,At Risk
16953,30,1,20.8,4,2,1,421,New Customer
16954,1,9,2085.08,5,5,5,555,Champion
16955,185,4,518.67,1,4,3,143,At Risk
16956,18,1,308.74,4,2,2,422,New Customer
16957,239,2,416.64,1,3,2,132,At Risk
16959,87,1,117.35000000000001,2,2,1,221,Lost
16960,39,3,507.05,3,4,3,343,Loyal Customer
16961,116,1,234.17,2,2,1,221,Lost
16963,187,1,110.55000000000001,1,2,1,121,Lost
16965,227,1,201.19,1,2,1,121,Lost
16966,8,7,2154.97,5,5,5,555,Champion
16967,189,1,319.02,1,2,2,122,Lost
16968,4,2,439.43,5,3,2,532,Loyal Customer
16969,39,3,650.41,3,4,3,343,Loyal Customer
16971,38,1,357.21,3,2,2,322,Promising
16976,267,1,251.51999999999998,1,2,2,122,Lost
16978,78,1,344.33,2,2,2,222,Lost
16979,4,6,1852.0,5,5,4,554,Champion
16980,255,2,1078.96,1,3,4,134,At Risk
16982,61,1,384.06,3,2,2,322,Promising
16983,13,7,1931.25,5,5,4,554,Champion
16984,88,2,4481.35,2,3,5,235,At Risk
16985,17,10,5464.12,4,5,5,455,Champion
16986,30,2,1873.2,4,3,4,434,Loyal Customer
16987,3,7,1625.05,5,5,4,554,Champion
16988,5,1,126.12,5,2,1,521,New Customer
16989,7,6,1133.25,5,5,4,554,Champion
16990,219,1,179.0,1,2,1,121,Lost
16992,11,5,1614.31,5,4,4,544,Champion
16996,30,6,1456.96,4,5,4,454,Champion
16997,288,3,702.0,1,4,3,143,At Risk
16998,150,4,295.0,2,4,2,242,At Risk
16999,23,2,484.82,4,3,2,432,Loyal Customer
17001,1,11,3989.57,5,5,5,555,Champion
17002,86,3,1493.73,2,4,4,244,At Risk
17004,46,2,1412.94,3,3,4,334,Loyal Customer
17006,5,4,781.78,5,4,3,543,Loyal Customer
17007,51,6,889.9300000000001,3,5,3,353,Loyal Customer
17010,18,1,195.36,4,2,1,421,New Customer
17011,30,1,270.9,4,2,2,422,New Customer
17014,8,3,586.33,5,4,3,543,Loyal Customer
17015,29,3,1842.56,4,4,4,444,Champion
17017,3,20,8694.26,5,5,5,555,Champion
17018,41,2,920.1,3,3,3,333,Loyal Customer
17019,11,4,1272.61,5,4,4,544,Champion
17022,31,1,71.0,4,2,1,421,New Customer
17024,45,3,95.85,3,4,1,341,Loyal Customer
17025,61,3,357.77,3,4,2,342,Loyal Customer
17026,185,2,154.82999999999998,1,3,1,131,At Risk
17027,79,6,890.29,2,5,3,253,At Risk
17029,111,2,716.0,2,3,3,233,At Risk
17030,64,1,146.87,3,2,1,321,Promising
17031,12,2,380.35,5,3,2,532,Loyal Customer
17033,86,3,1030.14,2,4,4,244,At Risk
17034,16,3,745.52,4,4,3,443,Loyal Customer
17035,246,2,433.53000000000003,1,3,2,132,At Risk
17037,88,1,1267.32,2,2,4,224,Cannot Lose Them
17038,30,1,112.4,4,2,1,421,New Customer
17040,138,1,449.73,2,2,2,222,Lost
17041,27,3,1081.57,4,4,4,444,Champion
17042,3,5,1044.3799999999999,5,4,4,544,Champion
17043,32,4,1735.18,4,4,4,444,Champion
17044,25,1,948.48,4,2,4,424,New Customer
17045,113,3,339.44,2,4,2,242,At Risk
17046,157,1,642.02,2,2,3,223,Cannot Lose Them
17047,85,3,1100.9,2,4,4,244,At Risk
17048,118,3,925.35,2,4,3,243,At Risk
17049,3,9,5659.9800000000005,5,5,5,555,Champion
17050,96,6,3228.84,2,5,5,255,At Risk
17051,194,1,247.14000000000001,1,2,1,121,Lost
17052,28,1,413.75,4,2,2,422,New Customer
17053,131,1,498.48,2,2,3,223,Cannot Lose Them
17054,28,5,1356.33,4,4,4,444,Champion
17058,82,3,1179.89,2,4,4,244,At Risk
17059,30,5,3095.04,4,4,5,445,Champion
17060,266,1,234.24,1,2,1,121,Lost
17061,74,11,5232.2300000000005,2,5,5,255,At Risk
17062,314,4,538.37,1,4,3,143,At Risk
17063,21,7,1461.14,4,5,4,454,Champion
17064,59,3,859.35,3,4,3,343,Loyal Customer
17068,12,21,4552.14,5,5,5,555,Champion
17069,28,9,2709.7000000000003,4,5,5,455,Champion
17070,114,1,312.14,2,2,2,222,Lost
17071,28,9,2429.03,4,5,5,455,Champion
17073,18,4,1446.09,4,4,4,444,Champion
17075,18,4,834.12,4,4,3,443,Loyal Customer
17076,36,3,841.0799999999999,3,4,3,343,Loyal Customer
17078,36,2,378.2,3,3,2,332,Loyal Customer
17079,78,1,118.80000000000001,2,2,1,221,Lost
17080,22,2,287.62,4,3,2,432,Loyal Customer
17081,25,2,290.16,4,3,2,432,Loyal Customer
17082,33,2,2003.85,4,3,4,434,Loyal Customer
17083,109,3,1405.78,2,4,4,244,At Risk
17084,35,2,2949.75,3,3,5,335,Loyal Customer
17085,123,5,1566.65,2,4,4,244,At Risk
17086,7,6,2050.08,5,5,4,554,Champion
17088,28,4,1991.01,4,4,4,444,Champion
17090,4,7,2043.95,5,5,4,554,Champion
17091,3,9,3827.76,5,5,5,555,Champion
17092,50,4,1777.78,3,4,4,344,Loyal Customer
17094,322,1,302.0,1,2,2,122,Lost
17095,23,3,1324.16,4,4,4,444,Champion
17096,15,4,1022.13,4,4,4,444,Champion
17097,2,8,954.42,5,5,4,554,Champion
17100,18,2,971.74,4,3,4,434,Loyal Customer
17101,10,4,1621.73,5,4,4,544,Champion
17102,262,1,25.5,1,2,1,121,Lost
17105,159,2,665.78,2,3,3,233,At Risk
17107,33,6,10815.43,4,5,5,455,Champion
17109,29,6,885.04,4,5,3,453,Loyal Customer
17110,165,1,163.29999999999998,2,2,1,221,Lost
17111,47,1,248.61,3,2,1,321,Promising
17114,6,8,808.62,5,5,3,553,Loyal Customer
17115,8,3,837.5,5,4,3,543,Loyal Customer
17117,288,1,116.19999999999999,1,2,1,121,Lost
17118,318,1,157.02,1,2,1,121,Lost
17119,3,2,606.91,5,3,3,533,Loyal Customer
17120,233,1,307.46,1,2,2,122,Lost
17122,119,1,138.32,2,2,1,221,Lost
17123,162,1,345.29999999999995,2,2,2,222,Lost
17124,185,1,298.89,1,2,2,122,Lost
17125,50,1,259.35,3,2,2,322,Promising
17126,152,5,1004.75,2,4,4,244,At Risk
17128,335,1,157.09,1,2,1,121,Lost
17131,5,5,2463.17,5,4,5,545,Champion
17133,16,7,4892.240000000001,4,5,5,455,Champion
17134,107,2,425.0,2,3,2,232,At Risk
17135,16,7,1139.73,4,5,4,454,Champion
17138,276,1,380.5,1,2,2,122,Lost
17139,16,12,10668.47,4,5,5,455,Champion
17140,247,1,465.32,1,2,2,122,Lost
17142,239,1,579.0,1,2,3,123,Cannot Lose Them
17144,1,2,984.57,5,3,4,534,Loyal Customer
17146,106,3,749.78,2,4,3,243,At Risk
17147,23,4,1714.59,4,4,4,444,Champion
17148,52,1,124.88,3,2,1,321,Promising
17152,195,3,1689.5,1,4,4,144,At Risk
17153,24,1,213.78,4,2,1,421,New Customer
17154,75,1,329.34,2,2,2,222,Lost
17155,18,2,251.70000000000002,4,3,2,432,Loyal Customer
17157,8,2,319.0,5,3,2,532,Loyal Customer
17158,32,3,1266.97,4,4,4,444,Champion
17159,22,3,1538.88,4,4,4,444,Champion
17160,31,6,3518.03,4,5,5,455,Champion
17162,29,10,1715.46,4,5,4,454,Champion
17163,22,2,293.1,4,3,2,432,Loyal Customer
17164,33,7,2467.35,4,5,5,455,Champion
17165,284,1,158.68,1,2,1,121,Lost
17166,39,2,206.34,3,3,1,331,Loyal Customer
17169,58,2,835.78,3,3,3,333,Loyal Customer
17171,289,1,224.91,1,2,1,121,Lost
17172,79,1,317.76,2,2,2,222,Lost
17173,5,8,3766.6,5,5,5,555,Champion
17174,218,1,59.9,1,2,1,121,Lost
17175,44,4,1443.69,3,4,4,344,Loyal Customer
17176,202,1,306.13,1,2,2,122,Lost
17179,178,3,711.79,2,4,3,243,At Risk
17180,56,4,796.03,3,4,3,343,Loyal Customer
17181,57,2,239.92000000000002,3,3,1,331,Loyal Customer
17183,8,6,3347.31,5,5,5,555,Champion
17186,47,2,144.0,3,3,1,331,Loyal Customer
17187,227,1,203.95,1,2,1,121,Lost
17188,11,7,2474.23,5,5,5,555,Champion
17189,106,2,384.40000000000003,2,3,2,232,At Risk
17190,59,2,444.74,3,3,2,332,Loyal Customer
17191,28,7,2095.13,4,5,5,455,Champion
17193,36,7,1699.3000000000002,3,5,4,354,Loyal Customer
17194,274,2,262.62,1,3,2,132,At Risk
17197,30,1,1013.01,4,2,4,424,New Customer
17198,24,3,692.22,4,4,3,443,Loyal Customer
17201,54,1,342.63,3,2,2,322,Promising
17203,36,6,3563.85,3,5,5,355,Loyal Customer
17204,175,4,1564.56,2,4,4,244,At Risk
17205,54,1,384.08,3,2,2,322,Promising
17206,53,1,204.24,3,2,1,321,Promising
17211,27,8,2317.2200000000003,4,5,5,455,Champion
17212,253,1,226.85,1,2,1,121,Lost
17213,40,7,2781.23,3,5,5,355,Loyal Customer
17214,60,6,1069.1200000000001,3,5,4,354,Loyal Customer
17217,234,1,113.5,1,2,1,121,Lost
17218,4,10,1960.72,5,5,4,554,Champion
17219,32,1,114.23,4,2,1,421,New Customer
17220,24,14,3198.25,4,5,5,455,Champion
17221,7,2,335.13,5,3,2,532,Loyal Customer
17222,65,1,354.15,3,2,2,322,Promising
17223,310,2,426.79,1,3,2,132,At Risk
17226,309,1,393.49,1,2,2,122,Lost
17227,19,6,939.32,4,5,3,453,Loyal Customer
17228,16,8,1906.09,4,5,4,454,Champion
17229,96,2,318.76,2,3,2,232,At Risk
17230,264,8,3638.41,1,5,5,155,At Risk
17231,12,10,3174.32,5,5,5,555,Champion
17232,3,2,421.52,5,3,2,532,Loyal Customer
17233,35,1,190.88,3,2,1,321,Promising
17234,183,1,149.89000000000001,1,2,1,121,Lost
17235,25,2,550.06,4,3,3,433,Loyal Customer
17236,13,6,916.13,5,5,3,553,Loyal Customer
17237,11,2,314.69,5,3,2,532,Loyal Customer
17238,3,17,3744.65,5,5,5,555,Champion
17239,313,1,382.5,1,2,2,122,Lost
17242,108,2,1135.04,2,3,4,234,At Risk
17243,1,26,8676.85,5,5,5,555,Champion
17244,53,1,954.9,3,2,4,324,Lost
17245,205,1,171.45,1,2,1,121,Lost
17247,15,1,282.19,4,2,2,422,New Customer
17248,120,1,318.65,2,2,2,222,Lost
17250,4,2,384.52,5,3,2,532,Loyal Customer
17251,363,1,283.28000000000003,1,2,2,122,Lost
17252,117,2,353.86,2,3,2,232,At Risk
17253,18,1,178.26,4,2,1,421,New Customer
17254,5,2,272.44,5,3,2,532,Loyal Customer
17255,41,2,298.41,3,3,2,332,Loyal Customer
17256,107,2,240.0,2,3,1,231,At Risk
17259,148,2,603.37,2,3,3,233,At Risk
17262,52,5,1253.3600000000001,3,4,4,344,Loyal Customer
17263,208,1,63.440000000000005,1,2,1,121,Lost
17265,139,2,562.9,2,3,3,233,At Risk
17266,2,3,310.64,5,4,2,542,Loyal Customer
17267,127,2,317.62,2,3,2,232,At Risk
17268,108,4,763.64,2,4,3,243,At Risk
17272,42,4,2148.63,3,4,5,345,Loyal Customer
17274,35,1,111.97999999999999,3,2,1,321,Promising
17277,228,2,1065.3500000000001,1,3,4,134,At Risk
17278,241,1,246.04,1,2,1,121,Lost
17279,58,1,187.82999999999998,3,2,1,321,Promising
17282,130,3,1703.41,2,4,4,244,At Risk
17284,60,6,1652.58,3,5,4,354,Loyal Customer
17286,22,1,153.92,4,2,1,421,New Customer
17287,26,7,1064.11,4,5,4,454,Champion
17288,9,7,1419.73,5,5,4,554,Champion
17289,32,3,944.41,4,4,4,444,Champion
17290,4,2,525.24,5,3,3,533,Loyal Customer
17291,308,1,550.8000000000001,1,2,3,123,Cannot Lose Them
17293,8,9,1875.1100000000001,5,5,4,554,Champion
17295,29,3,556.95,4,4,3,443,Loyal Customer
17297,17,1,131.78,4,2,1,421,New Customer
17298,101,2,498.42,2,3,3,233,At Risk
17299,12,4,669.11,5,4,3,543,Loyal Customer
17301,21,1,197.63,4,2,1,421,New Customer
17302,15,5,1135.63,4,4,4,444,Champion
17303,361,1,250.04,1,2,1,121,Lost
17306,11,19,8631.31,5,5,5,555,Champion
17309,95,1,82.75,2,2,1,221,Lost
17311,78,2,1384.85,2,3,4,234,At Risk
17312,139,3,644.3,2,4,3,243,At Risk
17313,31,1,2328.84,4,2,5,425,New Customer
17314,25,8,2527.92,4,5,5,455,Champion
17315,2,38,6292.26,5,5,5,555,Champion
17317,46,3,2600.34,3,4,5,345,Loyal Customer
17320,100,3,1200.6200000000001,2,4,4,244,At Risk
17321,8,2,700.86,5,3,3,533,Loyal Customer
17323,15,7,921.07,4,5,3,453,Loyal Customer
17324,18,4,990.23,4,4,4,444,Champion
17325,280,1,96.8,1,2,1,121,Lost
17329,14,2,523.11,4,3,3,433,Loyal Customer
17330,23,2,363.9,4,3,2,432,Loyal Customer
17331,124,1,175.2,2,2,1,221,Lost
17333,86,1,494.25,2,2,3,223,Cannot Lose Them
17334,302,2,307.02,1,3,2,132,At Risk
17337,151,4,2027.8700000000001,2,4,4,244,At Risk
17338,17,8,6643.93,4,5,5,455,Champion
17339,94,2,243.36,2,3,1,231,At Risk
17340,30,11,12353.29,4,5,5,455,Champion
17341,157,3,781.36,2,4,3,243,At Risk
17343,355,1,193.64,1,2,1,121,Lost
17344,46,1,160.57,3,2,1,321,Promising
17345,15,4,537.74,4,4,3,443,Loyal Customer
17346,4,15,2676.56,5,5,5,555,Champion
17347,86,1,228.96,2,2,1,221,Lost
17348,15,5,1159.52,4,4,4,444,Champion
17349,179,1,110.75,2,2,1,221,Lost
17350,8,4,1286.07,5,4,4,544,Champion
17351,36,3,587.15,3,4,3,343,Loyal Customer
17353,129,2,1740.0,2,3,4,234,At Risk
17354,51,1,1393.06,3,2,4,324,Lost
17356,312,1,178.22,1,2,1,121,Lost
17357,24,2,388.14,4,3,2,432,Loyal Customer
17358,303,2,365.85,1,3,2,132,At Risk
17359,11,1,127.86,5,2,1,521,New Customer
17360,17,3,585.79,4,4,3,443,Loyal Customer
17361,49,3,488.2,3,4,2,342,Loyal Customer
17362,239,2,312.23,1,3,2,132,At Risk
17364,1,11,4481.18,5,5,5,555,Champion
17365,13,8,4801.56,5,5,5,555,Champion
17367,238,1,168.4,1,2,1,121,Lost
17368,23,8,1912.67,4,5,4,454,Champion
17370,73,4,446.18,2,4,2,242,At Risk
17371,17,3,423.89,4,4,2,442,Loyal Customer
17372,41,8,1342.68,3,5,4,354,Loyal Customer
17373,40,4,646.92,3,4,3,343,Loyal Customer
17374,219,2,495.77,1,3,3,133,At Risk
17375,199,3,400.1,1,4,2,142,At Risk
17376,71,2,203.2,3,3,1,331,Loyal Customer
17377,24,20,4100.92,4,5,5,455,Champion
17379,11,1,404.66,5,2,2,522,New Customer
17381,9,29,20275.61,5,5,5,555,Champion
17382,65,1,65.4,3,2,1,321,Promising
17383,4,1,199.29,5,2,1,521,New Customer
17384,19,2,336.4,4,3,2,432,Loyal Customer
17385,15,1,261.11,4,2,2,422,New Customer
17386,8,6,2686.42,5,5,5,555,Champion
17387,20,2,784.11,4,3,3,433,Loyal Customer
17388,78,4,1259.56,2,4,4,244,At Risk
17389,1,34,31833.68,5,5,5,555,Champion
17391,164,2,508.8,2,3,3,233,At Risk
17392,307,2,457.91,1,3,2,132,At Risk
17394,219,1,203.86999999999998,1,2,1,121,Lost
17396,39,8,7330.8,3,5,5,355,Loyal Customer
17397,22,2,696.41,4,3,3,433,Loyal Customer
17398,115,3,653.38,2,4,3,243,At Risk
17400,126,5,2129.96,2,4,5,245,At Risk
17402,5,13,2633.85,5,5,5,555,Champion
17403,36,1,281.62,3,2,2,322,Promising
17404,4,15,31906.82,5,5,5,555,Champion
17405,1,3,1031.41,5,4,4,544,Champion
17406,333,3,2200.42,1,4,5,145,At Risk
17408,163,1,32.65,2,2,1,221,Lost
17409,185,2,771.85,1,3,3,133,At Risk
17410,16,5,1214.72,4,4,4,444,Champion
17411,12,3,778.94,5,4,3,543,Loyal Customer
17412,3,7,1258.06,5,5,4,554,Champion
17414,44,2,778.0,3,3,3,333,Loyal Customer
17415,80,1,507.84,2,2,3,223,Cannot Lose Them
17416,30,7,6893.42,4,5,5,455,Champion
17418,42,2,463.46000000000004,3,3,2,332,Loyal Customer
17419,11,12,4226.57,5,5,5,555,Champion
17420,50,3,598.83,3,4,3,343,Loyal Customer
17422,16,6,1979.37,4,5,4,454,Champion
17423,46,2,698.41,3,3,3,333,Loyal Customer
17425,19,2,759.17,4,3,3,433,Loyal Customer
17426,8,6,5037.26,5,5,5,555,Champion
17427,72,1,100.8,3,2,1,321,Promising
17428,1,28,17256.85,5,5,5,555,Champion
17429,128,3,524.9200000000001,2,4,3,243,At Risk
17430,33,2,265.76,4,3,2,432,Loyal Customer
17431,313,1,403.3,1,2,2,122,Lost
17432,18,2,365.76,4,3,2,432,Loyal Customer
17433,88,1,303.15999999999997,2,2,2,222,Lost
17434,2,7,2373.82,5,5,5,555,Champion
17436,2,2,216.29999999999998,5,3,1,531,Loyal Customer
17438,254,1,388.45000000000005,1,2,2,122,Lost
17440,157,3,186.42000000000002,2,4,1,241,At Risk
17442,37,6,2248.56,3,5,5,355,Loyal Customer
17443,220,1,534.24,1,2,3,123,Cannot Lose Them
17444,148,3,2940.04,2,4,5,245,At Risk
17446,177,2,120.9,2,3,1,231,At Risk
17447,40,2,541.53,3,3,3,333,Loyal Customer
17449,2,7,2520.86,5,5,5,555,Champion
17450,8,46,194550.79,5,5,5,555,Champion
17451,1,7,1721.4,5,5,4,554,Champion
17453,18,2,486.71999999999997,4,3,2,432,Loyal Customer
17454,192,4,517.53,1,4,3,143,At Risk
17455,204,1,131.7,1,2,1,121,Lost
17456,365,1,249.86,1,2,1,121,Lost
17457,127,5,1737.7,2,4,4,244,At Risk
17458,15,1,316.5,4,2,2,422,New Customer
17459,43,2,657.3,3,3,3,333,Loyal Customer
17460,94,6,622.4300000000001,2,5,3,253,At Risk
17461,23,3,757.46,4,4,3,443,Loyal Customer
17462,60,2,675.69,3,3,3,333,Loyal Customer
17463,16,5,1896.41,4,4,4,444,Champion
17464,158,1,289.96000000000004,2,2,2,222,Lost
17466,10,2,763.28,5,3,3,533,Loyal Customer
17468,10,2,137.0,5,3,1,531,Loyal Customer
17469,16,5,1870.97,4,4,4,444,Champion
17470,45,5,1125.07,3,4,4,344,Loyal Customer
17472,191,3,710.29,1,4,3,143,At Risk
17475,79,1,194.37,2,2,1,221,Lost
17480,78,1,511.82,2,2,3,223,Cannot Lose Them
17481,4,4,1255.59,5,4,4,544,Champion
17483,65,3,414.04,3,4,2,342,Loyal Customer
17486,261,1,396.87,1,2,2,122,Lost
17489,59,2,376.64,3,3,2,332,Loyal Customer
17490,1,7,2092.32,5,5,5,555,Champion
17491,1,10,3558.87,5,5,5,555,Champion
17492,248,1,374.57,1,2,2,122,Lost
17495,8,2,497.56,5,3,3,533,Loyal Customer
17496,359,1,271.05,1,2,2,122,Lost
17498,76,1,272.22,2,2,2,222,Lost
17499,290,1,622.88,1,2,3,123,Cannot Lose Them
17500,17,3,1138.0,4,4,4,444,Champion
17501,221,2,288.6,1,3,2,132,At Risk
17502,9,4,689.1,5,4,3,543,Loyal Customer
17503,3,2,558.96,5,3,3,533,Loyal Customer
17504,206,9,2997.0299999999997,1,5,5,155,At Risk
17505,162,2,1145.84,2,3,4,234,At Risk
17506,76,1,302.2,2,2,2,222,Lost
17507,262,2,605.58,1,3,3,133,At Risk
17508,281,1,387.31,1,2,2,122,Lost
17509,58,8,6115.14,3,5,5,355,Loyal Customer
17510,25,1,308.48,4,2,2,422,New Customer
17511,3,31,91062.38,5,5,5,555,Champion
17512,29,10,2924.9900000000002,4,5,5,455,Champion
17513,72,1,513.2,3,2,3,323,Lost
17514,128,1,208.65,2,2,1,221,Lost
17515,31,4,639.02,4,4,3,443,Loyal Customer
17516,15,5,768.08,4,4,3,443,Loyal Customer
17517,309,1,153.94,1,2,1,121,Lost
17519,17,6,1844.02,4,5,4,454,Champion
17520,54,1,546.81,3,2,3,323,Lost
17521,30,3,723.2099999999999,4,4,3,443,Loyal Customer
17522,2,5,1070.71,5,4,4,544,Champion
17523,11,4,652.74,5,4,3,543,Loyal Customer
17524,361,1,145.0,1,2,1,121,Lost
17525,360,1,422.70000000000005,1,2,2,122,Lost
17526,5,4,1195.8999999999999,5,4,4,544,Champion
17527,54,4,939.37,3,4,3,343,Loyal Customer
17528,1,8,3628.5,5,5,5,555,Champion
17530,1,10,2385.0,5,5,5,555,Champion
17531,190,1,296.7,1,2,2,122,Lost
17534,54,1,223.36,3,2,1,321,Promising
17535,280,1,164.4,1,2,1,121,Lost
17536,177,1,76.5,2,2,1,221,Lost
17537,30,2,897.62,4,3,3,433,Loyal Customer
17538,26,1,98.42,4,2,1,421,New Customer
17540,25,2,578.9,4,3,3,433,Loyal Customer
17542,270,1,170.75,1,2,1,121,Lost
17545,43,3,645.96,3,4,3,343,Loyal Customer
17548,234,1,103.3,1,2,1,121,Lost
17549,24,2,148.86,4,3,1,431,Loyal Customer
17550,197,3,267.16,1,4,2,142,At Risk
17551,359,1,306.84,1,2,2,122,Lost
17552,60,4,930.41,3,4,3,343,Loyal Customer
17553,130,1,1487.6,2,2,4,224,Cannot Lose Them
17554,1,5,1952.45,5,4,4,544,Champion
17555,20,2,483.26,4,3,2,432,Loyal Customer
17556,206,1,157.9,1,2,1,121,Lost
17557,14,3,541.46,4,4,3,443,Loyal Customer
17560,95,4,854.95,2,4,3,243,At Risk
17561,19,1,167.62,4,2,1,421,New Customer
17562,14,7,1122.38,4,5,4,454,Champion
17564,24,3,454.01,4,4,2,442,Loyal Customer
17566,8,2,901.21,5,3,3,533,Loyal Customer
17567,7,8,4331.48,5,5,5,555,Champion
17569,332,1,344.14,1,2,2,122,Lost
17571,50,4,1498.51,3,4,4,344,Loyal Customer
17572,71,4,226.75000000000003,3,4,1,341,Loyal Customer
17573,29,3,380.6,4,4,2,442,Loyal Customer
17574,243,1,185.65,1,2,1,121,Lost
17576,8,19,3622.68,5,5,5,555,Champion
17578,218,1,143.45999999999998,1,2,1,121,Lost
17579,5,3,448.90000000000003,5,4,2,542,Loyal Customer
17580,253,3,215.72,1,4,1,141,At Risk
17581,1,25,11045.04,5,5,5,555,Champion
17582,236,1,175.27,1,2,1,121,Lost
17584,7,2,1242.3,5,3,4,534,Loyal Customer
17585,109,4,1133.07,2,4,4,244,At Risk
17588,100,3,1240.2,2,4,4,244,At Risk
17589,60,4,2404.17,3,4,5,345,Loyal Customer
17590,2,3,1479.22,5,4,4,544,Champion
17591,73,7,2225.9700000000003,2,5,5,255,At Risk
17593,4,5,3927.34,5,4,5,545,Champion
17594,85,2,993.18,2,3,4,234,At Risk
17595,12,2,388.79,5,3,2,532,Loyal Customer
17596,23,7,2827.93,4,5,5,455,Champion
17597,214,1,2044.3700000000001,1,2,4,124,Cannot Lose Them
17600,18,1,161.67000000000002,4,2,1,421,New Customer
17601,239,1,116.00999999999999,1,2,1,121,Lost
17602,2,6,5102.97,5,5,5,555,Champion
17603,78,1,394.72,2,2,2,222,Lost
17604,217,2,309.36,1,3,2,132,At Risk
17608,33,2,193.42,4,3,1,431,Loyal Customer
17609,41,5,1112.22,3,4,4,344,Loyal Customer
17611,7,15,3984.22,5,5,5,555,Champion
17612,53,6,2048.45,3,5,4,354,Loyal Customer
17613,23,14,4559.150000000001,4,5,5,455,Champion
17614,57,1,390.07,3,2,2,322,Promising
17615,130,3,329.6,2,4,2,242,At Risk
17616,174,3,571.1999999999999,2,4,3,243,At Risk
17618,6,3,971.58,5,4,4,544,Champion
17619,312,1,218.52,1,2,1,121,Lost
17620,60,1,81.44,3,2,1,321,Promising
17621,21,3,1379.9,4,4,4,444,Champion
17623,33,1,527.0500000000001,4,2,3,423,New Customer
17624,15,2,843.48,4,3,3,433,Loyal Customer
17625,18,4,2047.0,4,4,4,444,Champion
17628,81,1,75.75,2,2,1,221,Lost
17629,6,8,1814.12,5,5,4,554,Champion
17630,170,2,503.59999999999997,2,3,3,233,At Risk
17631,2,3,528.33,5,4,3,543,Loyal Customer
17633,31,4,1324.84,4,4,4,444,Champion
17634,36,9,2361.9700000000003,3,5,5,355,Loyal Customer
17636,19,1,285.56,4,2,2,422,New Customer
17637,31,2,547.0600000000001,4,3,3,433,Loyal Customer
17639,276,1,108.5,1,2,1,121,Lost
17640,87,1,621.66,2,2,3,223,Cannot Lose Them
17642,120,2,712.29,2,3,3,233,At Risk
17643,373,1,101.55,1,2,1,121,Lost
17644,1,11,2895.64,5,5,5,555,Champion
17646,219,3,1008.39,1,4,4,144,At Risk
17647,65,1,133.06,3,2,1,321,Promising
17648,61,4,1797.5,3,4,4,344,Loyal Customer
17649,138,1,868.49,2,2,3,223,Cannot Lose Them
17650,21,1,166.08,4,2,1,421,New Customer
17651,12,10,3945.0,5,5,5,555,Champion
17652,25,12,4867.72,4,5,5,455,Champion
17653,37,4,1207.56,3,4,4,344,Loyal Customer
17654,277,1,117.55,1,2,1,121,Lost
17655,11,7,2638.94,5,5,5,555,Champion
17656,73,5,1674.69,2,4,4,244,At Risk
17658,26,2,595.42,4,3,3,433,Loyal Customer
17659,17,12,2999.46,4,5,5,455,Champion
17660,141,1,196.0,2,2,1,221,Lost
17663,26,7,1802.91,4,5,4,454,Champion
17664,19,2,604.64,4,3,3,433,Loyal Customer
17666,4,2,728.16,5,3,3,533,Loyal Customer
17667,66,5,2055.51,3,4,4,344,Loyal Customer
17668,1,2,347.75,5,3,2,532,Loyal Customer
17669,43,7,3406.7200000000003,3,5,5,355,Loyal Customer
17670,228,1,205.7,1,2,1,121,Lost
17671,16,4,1572.71,4,4,4,444,Champion
17672,50,2,3178.17,3,3,5,335,Loyal Customer
17673,2,6,1629.12,5,5,4,554,Champion
17674,74,2,551.04,2,3,3,233,At Risk
17675,1,31,20374.28,5,5,5,555,Champion
17676,4,6,1387.68,5,5,4,554,Champion
17677,2,30,16363.23,5,5,5,555,Champion
17678,264,1,298.11,1,2,2,122,Lost
17679,53,2,1992.1100000000001,3,3,4,334,Loyal Customer
17680,24,1,184.4,4,2,1,421,New Customer
17682,10,6,2474.33,5,5,5,555,Champion
17684,44,1,239.41,3,2,1,321,Promising
17685,17,7,3191.53,4,5,5,455,Champion
17686,7,7,5739.46,5,5,5,555,Champion
17690,30,15,4757.95,4,5,5,455,Champion
17691,358,2,290.40000000000003,1,3,2,132,At Risk
17692,127,4,740.9399999999999,2,4,3,243,At Risk
17693,137,1,200.47,2,2,1,221,Lost
17694,142,1,283.12,2,2,2,222,Lost
17695,132,2,765.34,2,3,3,233,At Risk
17696,38,8,2285.71,3,5,5,355,Loyal Customer
17697,236,1,338.95,1,2,2,122,Lost
17698,261,1,154.95,1,2,1,121,Lost
17700,17,4,2534.64,4,4,5,445,Champion
17701,253,1,417.95,1,2,2,122,Lost
17702,30,4,1824.37,4,4,4,444,Champion
17703,35,3,798.74,3,4,3,343,Loyal Customer
17704,169,2,885.19,2,3,3,233,At Risk
17705,3,9,1823.52,5,5,4,554,Champion
17706,4,17,10504.49,5,5,5,555,Champion
17707,185,2,152.4,1,3,1,131,At Risk
17708,188,2,267.08,1,3,2,132,At Risk
17709,170,1,137.45,2,2,1,221,Lost
17711,11,2,385.1,5,3,2,532,Loyal Customer
17712,45,1,522.91,3,2,3,323,Lost
17714,321,1,153.0,1,2,1,121,Lost
17715,201,1,326.4,1,2,2,122,Lost
17716,23,11,5655.99,4,5,5,455,Champion
17718,232,1,139.35,1,2,1,121,Lost
17719,38,15,5396.04,3,5,5,355,Loyal Customer
17720,26,4,1195.94,4,4,4,444,Champion
17722,96,4,2424.04,2,4,5,245,At Risk
17723,127,6,3276.4000000000005,2,5,5,255,At Risk
17724,71,3,1033.0,3,4,4,344,Loyal Customer
17725,16,11,3439.08,4,5,5,455,Champion
17727,15,1,1060.25,4,2,4,424,New Customer
17728,4,3,2876.01,5,4,5,545,Champion
17730,3,13,5298.4800000000005,5,5,5,555,Champion
17731,79,4,1240.11,2,4,4,244,At Risk
17732,373,1,303.97,1,2,2,122,Lost
17733,39,2,692.19,3,3,3,333,Loyal Customer
17734,54,3,700.63,3,4,3,343,Loyal Customer
17735,2,19,13110.02,5,5,5,555,Champion
17736,9,3,377.44,5,4,2,542,Loyal Customer
17737,9,2,168.24,5,3,1,531,Loyal Customer
17738,19,4,1879.05,4,4,4,444,Champion
17739,12,7,2791.35,5,5,5,555,Champion
17742,113,2,355.11,2,3,2,232,At Risk
17744,4,6,2322.4,5,5,5,555,Champion
17746,240,1,110.25,1,2,1,121,Lost
17747,113,1,71.4,2,2,1,221,Lost
17749,178,2,674.52,2,3,3,233,At Risk
17750,5,9,1797.57,5,5,4,554,Champion
17752,359,1,80.64,1,2,1,121,Lost
17754,1,5,1772.26,5,4,4,544,Champion
17757,1,30,5605.29,5,5,5,555,Champion
17758,19,8,3456.7000000000003,4,5,5,455,Champion
17759,17,3,834.99,4,4,3,443,Loyal Customer
17760,22,2,287.59,4,3,2,432,Loyal Customer
17761,33,1,712.78,4,2,3,423,New Customer
17763,263,1,15.0,1,2,1,121,Lost
17764,51,2,818.8199999999999,3,3,3,333,Loyal Customer
17765,159,3,371.88,2,4,2,242,At Risk
17767,15,1,271.2,4,2,2,422,New Customer
17768,8,3,2273.1800000000003,5,4,5,545,Champion
17769,13,10,3997.98,5,5,5,555,Champion
17770,199,5,1143.27,1,4,4,144,At Risk
17771,57,2,245.81,3,3,1,331,Loyal Customer
17772,11,2,182.77,5,3,1,531,Loyal Customer
17774,97,4,1225.41,2,4,4,244,At Risk
17775,255,1,56.4,1,2,1,121,Lost
17777,25,3,665.86,4,4,3,443,Loyal Customer
17779,21,3,658.57,4,4,3,443,Loyal Customer
17781,159,2,188.02,2,3,1,231,At Risk
17783,72,2,283.47,3,3,2,332,Loyal Customer
17785,53,1,131.94,3,2,1,321,Promising
17786,85,2,278.74,2,3,2,232,At Risk
17787,153,4,1865.19,2,4,4,244,At Risk
17788,74,2,1117.9,2,3,4,234,At Risk
17789,281,1,225.9,1,2,1,121,Lost
17790,27,14,1965.55,4,5,4,454,Champion
17791,30,1,106.1,4,2,1,421,New Customer
17793,25,1,323.04,4,2,2,422,New Customer
17795,180,2,350.39,1,3,2,132,At Risk
17796,40,4,697.9,3,4,3,343,Loyal Customer
17797,22,3,780.43,4,4,3,443,Loyal Customer
17799,22,10,3055.93,4,5,5,455,Champion
17800,37,9,1199.01,3,5,4,354,Loyal Customer
17802,82,3,1285.04,2,4,4,244,At Risk
17805,74,1,512.31,2,2,3,223,Cannot Lose Them
17806,11,1,546.04,5,2,3,523,New Customer
17809,16,12,5411.91,4,5,5,455,Champion
17811,4,39,7837.7300000000005,5,5,5,555,Champion
17812,13,4,732.16,5,4,3,543,Loyal Customer
17813,14,5,1770.8799999999999,4,4,4,444,Champion
17816,37,4,36.56,3,4,1,341,Loyal Customer
17817,4,3,387.68,5,4,2,542,Loyal Customer
17819,72,7,3704.87,3,5,5,355,Loyal Customer
17824,51,1,298.4,3,2,2,322,Promising
17827,5,5,1995.46,5,4,4,544,Champion
17828,23,4,1820.09,4,4,4,444,Champion
17829,299,1,889.24,1,2,3,123,Cannot Lose Them
17830,2,3,398.7,5,4,2,542,Loyal Customer
17831,33,1,35.400000000000006,4,2,1,421,New Customer
17832,50,1,155.37,3,2,1,321,Promising
17835,3,3,350.64,5,4,2,542,Loyal Customer
17836,47,1,110.21000000000001,3,2,1,321,Promising
17837,42,8,1593.38,3,5,4,354,Loyal Customer
17838,27,5,2779.3,4,4,5,445,Champion
17839,42,1,338.8,3,2,2,322,Promising
17841,2,124,40991.57,5,5,5,555,Champion
17843,303,1,205.48,1,2,1,121,Lost
17844,107,1,51.559999999999995,2,2,1,221,Lost
17846,85,1,2033.1,2,2,4,224,Cannot Lose Them
17848,81,9,901.1999999999999,2,5,3,253,At Risk
17849,218,4,605.8000000000001,1,4,3,143,At Risk
17850,372,34,5391.21,1,5,5,155,At Risk
17852,12,2,114.34,5,3,1,531,Loyal Customer
17854,185,2,311.26,1,3,2,132,At Risk
17855,373,1,208.97,1,2,1,121,Lost
17856,2,4,1418.03,5,4,4,544,Champion
17857,4,23,26879.04,5,5,5,555,Champion
17858,6,12,5155.66,5,5,5,555,Champion
17859,305,1,148.21,1,2,1,121,Lost
17860,369,1,252.8,1,2,2,122,Lost
17861,3,8,2100.8,5,5,5,555,Champion
17862,324,1,330.9,1,2,2,122,Lost
17863,59,6,3160.0,3,5,5,355,Loyal Customer
17864,13,3,597.5,5,4,3,543,Loyal Customer
17865,31,20,10526.32,4,5,5,455,Champion
17866,143,1,329.65,2,2,2,222,Lost
17867,30,6,1197.1000000000001,4,5,4,454,Champion
17869,107,5,428.18,2,4,2,242,At Risk
17870,2,12,1894.35,5,5,4,554,Champion
17871,205,1,155.9,1,2,1,121,Lost
17873,80,5,1859.16,2,4,4,244,At Risk
17874,185,6,683.46,1,5,3,153,At Risk
17877,170,1,237.61,2,2,1,221,Lost
17878,44,1,379.45,3,2,2,322,Promising
17879,174,1,178.51999999999998,2,2,1,221,Lost
17880,365,1,458.92,1,2,2,122,Lost
17881,304,1,133.35000000000002,1,2,1,121,Lost
17883,3,4,671.77,5,4,3,543,Loyal Customer
17884,4,4,717.45,5,4,3,543,Loyal Customer
17885,12,1,190.19,5,2,1,521,New Customer
17886,32,3,899.61,4,4,3,443,Loyal Customer
17887,129,1,111.35,2,2,1,221,Lost
17888,21,8,726.05,4,5,3,453,Loyal Customer
17889,212,2,203.87,1,3,1,131,At Risk
17890,323,2,602.09,1,3,3,133,At Risk
17891,162,1,203.85999999999999,2,2,1,221,Lost
17892,56,3,244.1,3,4,1,341,Loyal Customer
17893,225,1,112.25,1,2,1,121,Lost
17894,72,8,1119.81,3,5,4,354,Loyal Customer
17895,44,1,98.0,3,2,1,321,Promising
17896,23,1,256.32,4,2,2,422,New Customer
17897,173,3,566.6,2,4,3,243,At Risk
17898,85,2,152.06,2,3,1,231,At Risk
17899,159,1,155.8,2,2,1,221,Lost
17900,190,2,112.19999999999999,1,3,1,131,At Risk
17901,29,1,110.38,4,2,1,421,New Customer
17904,21,1,191.67,4,2,1,421,New Customer
17905,71,4,800.24,3,4,3,343,Loyal Customer
17906,247,1,72.9,1,2,1,121,Lost
17908,374,1,243.28,1,2,1,121,Lost
17911,9,1,366.23,5,2,2,522,New Customer
17912,310,5,311.01,1,4,2,142,At Risk
17913,59,2,411.6,3,3,2,332,Loyal Customer
17914,4,1,336.43,5,2,2,522,New Customer
17917,45,3,341.28,3,4,2,342,Loyal Customer
17919,88,1,1304.04,2,2,4,224,Cannot Lose Them
17920,4,17,4204.1,5,5,5,555,Champion
17921,64,4,826.52,3,4,3,343,Loyal Customer
17923,282,1,207.50000000000003,1,2,1,121,Lost
17924,12,7,2962.5,5,5,5,555,Champion
17925,373,1,244.08,1,2,1,121,Lost
17926,133,2,397.29,2,3,2,232,At Risk
17928,45,2,212.54,3,3,1,331,Loyal Customer
17929,11,4,843.0,5,4,3,543,Loyal Customer
17930,36,5,1740.48,3,4,4,344,Loyal Customer
17931,134,2,408.36,2,3,2,232,At Risk
17932,29,3,1331.57,4,4,4,444,Champion
17934,52,2,704.25,3,3,3,333,Loyal Customer
17935,138,2,145.79,2,3,1,231,At Risk
17936,5,1,389.84,5,2,2,522,New Customer
17937,9,7,4301.22,5,5,5,555,Champion
17939,160,1,99.14,2,2,1,221,Lost
17940,49,10,4106.4400000000005,3,5,5,355,Loyal Customer
17941,131,1,304.56,2,2,2,222,Lost
17942,8,1,77.50000000000001,5,2,1,521,New Customer
17946,233,2,149.57999999999998,1,3,1,131,At Risk
17947,37,1,176.68,3,2,1,321,Promising
17948,147,1,358.56000000000006,2,2,2,222,Lost
17949,1,45,58510.48,5,5,5,555,Champion
17950,72,3,482.2,3,4,2,342,Loyal Customer
17951,40,3,1008.5400000000001,3,4,4,344,Loyal Customer
17954,5,12,2332.72,5,5,5,555,Champion
17955,199,4,557.3,1,4,3,143,At Risk
17956,249,1,12.75,1,2,1,121,Lost
17957,66,1,111.68,3,2,1,321,Promising
17958,117,1,508.4599999999999,2,2,3,223,Cannot Lose Them
17960,171,1,73.78,2,2,1,221,Lost
17961,21,39,1296.44,4,5,4,454,Champion
17962,142,1,102.83,2,2,1,221,Lost
17964,32,2,471.7,4,3,2,432,Loyal Customer
17965,38,14,2622.57,3,5,5,355,Loyal Customer
17966,38,5,1098.43,3,4,4,344,Loyal Customer
17967,372,1,123.07,1,2,1,121,Lost
17968,374,1,277.35,1,2,2,122,Lost
17969,166,2,228.2,2,3,1,231,At Risk
17970,211,1,582.59,1,2,3,123,Cannot Lose Them
17972,242,1,136.04,1,2,1,121,Lost
17973,52,1,337.04,3,2,2,322,Promising
17974,25,3,740.79,4,4,3,443,Loyal Customer
17975,15,13,4488.81,4,5,5,455,Champion
17976,372,1,353.19,1,2,2,122,Lost
17977,29,1,288.14,4,2,2,422,New Customer
17978,365,1,300.91999999999996,1,2,2,122,Lost
17979,36,4,757.71,3,4,3,343,Loyal Customer
17980,166,3,811.45,2,4,3,243,At Risk
17984,145,1,152.68,2,2,1,221,Lost
17985,22,1,634.95,4,2,3,423,New Customer
17986,56,1,20.8,3,2,1,321,Promising
17987,185,1,198.57,1,2,1,121,Lost
17988,12,7,201.12,5,5,1,551,Loyal Customer
17990,237,3,630.84,1,4,3,143,At Risk
17991,225,2,93.35,1,3,1,131,At Risk
17994,122,4,678.49,2,4,3,243,At Risk
17995,282,1,76.1,1,2,1,121,Lost
17997,74,8,1970.6699999999998,2,5,4,254,At Risk
17999,37,2,382.06,3,3,2,332,Loyal Customer
18001,12,2,417.23,5,3,2,532,Loyal Customer
18004,362,1,169.47,1,2,1,121,Lost
18005,4,2,249.72,5,3,1,531,Loyal Customer
18006,23,1,444.68,4,2,2,422,New Customer
18008,70,9,2116.19,3,5,5,355,Loyal Customer
18009,235,1,257.34,1,2,2,122,Lost
18010,257,1,174.8,1,2,1,121,Lost
18011,373,1,102.78999999999999,1,2,1,121,Lost
18013,155,2,187.29,2,3,1,231,At Risk
18014,28,1,166.42,4,2,1,421,New Customer
18015,4,1,120.03,5,2,1,521,New Customer
18016,32,5,1483.56,4,4,4,444,Champion
18017,81,3,523.0,2,4,3,243,At Risk
18018,108,2,122.14,2,3,1,231,At Risk
18019,52,1,38.45,3,2,1,321,Promising
18022,36,1,668.11,3,2,3,323,Lost
18024,153,2,389.78,2,3,2,232,At Risk
18027,99,1,115.31,2,2,1,221,Lost
18030,4,2,230.64999999999998,5,3,1,531,Loyal Customer
18032,334,1,73.5,1,2,1,121,Lost
18033,65,1,97.97,3,2,1,321,Promising
18034,22,2,422.88,4,3,2,432,Loyal Customer
18035,36,3,730.4,3,4,3,343,Loyal Customer
18036,32,3,405.62,4,4,2,442,Loyal Customer
18037,154,6,70.02,2,5,1,251,At Risk
18040,19,2,357.20000000000005,4,3,2,432,Loyal Customer
18041,12,21,4183.39,5,5,5,555,Champion
18042,54,1,165.04999999999998,3,2,1,321,Promising
18043,25,3,559.51,4,4,3,443,Loyal Customer
18044,4,10,2088.6,5,5,5,555,Champion
18045,45,1,189.4,3,2,1,321,Promising
18048,203,2,172.29000000000002,1,3,1,131,At Risk
18050,359,1,74.4,1,2,1,121,Lost
18053,71,1,300.02,3,2,2,322,Promising
18055,7,10,6784.1900000000005,5,5,5,555,Champion
18056,288,1,363.65,1,2,2,122,Lost
18058,10,1,170.16,5,2,1,521,New Customer
18059,23,3,306.46,4,4,2,442,Loyal Customer
18061,22,10,2119.41,4,5,5,455,Champion
18062,173,3,720.52,2,4,3,243,At Risk
18064,133,2,814.0,2,3,3,233,At Risk
18065,6,14,2392.83,5,5,5,555,Champion
18066,75,1,318.0,2,2,2,222,Lost
18067,40,1,396.33,3,2,2,322,Promising
18068,289,1,101.69999999999999,1,2,1,121,Lost
18069,26,5,2036.67,4,4,4,444,Champion
18071,258,2,453.0,1,3,2,132,At Risk
18072,186,1,247.44,1,2,1,121,Lost
18073,114,12,3877.5200000000004,2,5,5,255,At Risk
18074,374,1,489.6,1,2,2,122,Lost
18075,23,10,2611.75,4,5,5,455,Champion
18077,8,11,2633.0099999999998,5,5,5,555,Champion
18078,217,2,336.13,1,3,2,132,At Risk
18079,45,4,3651.97,3,4,5,345,Loyal Customer
18080,19,2,1231.5,4,3,4,434,Loyal Customer
18081,36,3,343.45,3,4,2,342,Loyal Customer
18082,26,1,703.37,4,2,3,423,New Customer
18084,16,1,90.47999999999999,4,2,1,421,New Customer
18085,330,2,689.95,1,3,3,133,At Risk
18086,274,1,101.34,1,2,1,121,Lost
18087,98,2,4055.7199999999993,2,3,5,235,At Risk
18088,61,1,167.67000000000002,3,2,1,321,Promising
18092,2,11,9068.26,5,5,5,555,Champion
18093,93,4,2106.52,2,4,5,245,At Risk
18094,82,7,3017.3,2,5,5,255,At Risk
18095,313,2,580.0500000000001,1,3,3,133,At Risk
18096,12,3,911.15,5,4,3,543,Loyal Customer
18097,8,6,2697.8,5,5,5,555,Champion
18099,127,1,168.31,2,2,1,221,Lost
18101,11,2,223.65,5,3,1,531,Loyal Customer
18102,1,60,259657.3,5,5,5,555,Champion
18104,37,1,754.64,3,2,3,323,Lost
18105,38,1,113.48000000000002,3,2,1,321,Promising
18106,330,1,430.7,1,2,2,122,Lost
18108,254,1,271.0,1,2,2,122,Lost
18109,2,26,8052.97,5,5,5,555,Champion
18110,20,1,236.3,4,2,1,421,New Customer
18112,12,2,352.69,5,3,2,532,Loyal Customer
18113,369,1,76.32000000000001,1,2,1,121,Lost
18114,290,1,220.1,1,2,1,121,Lost
18116,68,8,1418.03,3,5,4,354,Loyal Customer
18117,26,1,320.72,4,2,2,422,New Customer
18118,11,26,5653.82,5,5,5,555,Champion
18119,368,1,181.12,1,2,1,121,Lost
18120,214,1,111.15,1,2,1,121,Lost
18121,149,2,673.1,2,3,3,233,At Risk
18122,8,6,1826.21,5,5,4,554,Champion
18123,24,2,589.4399999999999,4,3,3,433,Loyal Customer
18125,30,4,1142.99,4,4,4,444,Champion
18126,61,1,206.82999999999998,3,2,1,321,Promising
18127,19,3,348.73,4,4,2,442,Loyal Customer
18129,243,1,112.55000000000001,1,2,1,121,Lost
18130,15,3,1059.39,4,4,4,444,Champion
18133,212,1,931.4999999999999,1,2,3,123,Cannot Lose Them
18135,29,5,681.9100000000001,4,4,3,443,Loyal Customer
18136,63,3,784.33,3,4,3,343,Loyal Customer
18138,295,1,152.65,1,2,1,121,Lost
18139,18,6,8438.34,4,5,5,455,Champion
18142,157,2,1019.52,2,3,4,234,At Risk
18143,117,2,1000.16,2,3,4,234,At Risk
18144,8,12,2888.75,5,5,5,555,Champion
18145,13,4,2861.55,5,4,5,545,Champion
18146,141,2,160.35000000000002,2,3,1,231,At Risk
18147,46,2,179.33999999999997,3,3,1,331,Loyal Customer
18149,51,3,612.0799999999999,3,4,3,343,Loyal Customer
18150,32,3,566.58,4,4,3,443,Loyal Customer
18151,135,2,653.35,2,3,3,233,At Risk
18154,3,2,399.19,5,3,2,532,Loyal Customer
18155,75,3,371.62,2,4,2,242,At Risk
18156,13,2,734.94,5,3,3,533,Loyal Customer
18158,9,2,453.4,5,3,2,532,Loyal Customer
18159,301,1,530.15,1,2,3,123,Cannot Lose Them
18160,57,2,638.0600000000001,3,3,3,333,Loyal Customer
18161,15,5,1618.69,4,4,4,444,Champion
18164,37,1,399.65000000000003,3,2,2,322,Promising
18165,177,1,302.46000000000004,2,2,2,222,Lost
18167,23,3,1384.8600000000001,4,4,4,444,Champion
18168,176,6,1169.94,2,5,4,254,At Risk
18169,61,1,202.65,3,2,1,321,Promising
18170,33,3,980.31,4,4,4,444,Champion
18171,59,5,1231.31,3,4,4,344,Loyal Customer
18172,15,20,7561.68,4,5,5,455,Champion
18173,87,4,2106.84,2,4,5,245,At Risk
18174,7,1,104.0,5,2,1,521,New Customer
18176,358,1,476.35,1,2,2,122,Lost
18177,31,6,1341.42,4,5,4,454,Champion
18178,129,4,1590.81,2,4,4,244,At Risk
18179,9,6,1793.17,5,5,4,554,Champion
18180,5,6,1843.75,5,5,4,554,Champion
18181,24,1,382.8,4,2,2,422,New Customer
18183,227,2,632.07,1,3,3,133,At Risk
18184,15,1,49.8,4,2,1,421,New Customer
18185,249,1,304.25,1,2,2,122,Lost
18188,15,3,2001.04,4,4,4,444,Champion
18189,78,2,1090.24,2,3,4,234,At Risk
18190,192,2,284.46000000000004,1,3,2,132,At Risk
18191,262,1,207.79999999999998,1,2,1,121,Lost
18192,72,1,957.97,3,2,4,324,Lost
18193,165,1,243.76,2,2,1,221,Lost
18194,82,1,973.8399999999999,2,2,4,224,Cannot Lose Them
18196,95,2,689.13,2,3,3,233,At Risk
18198,4,17,5425.56,5,5,5,555,Champion
18200,106,1,163.8,2,2,1,221,Lost
18202,200,3,1396.99,1,4,4,144,At Risk
18203,157,1,160.42000000000002,2,2,1,221,Lost
18204,71,3,1993.7,3,4,4,344,Loyal Customer
18205,36,2,517.36,3,3,3,333,Loyal Customer
18209,29,1,139.10000000000002,4,2,1,421,New Customer
18210,2,6,2621.38,5,5,5,555,Champion
18211,26,5,600.07,4,4,3,443,Loyal Customer
18212,326,1,248.42,1,2,1,121,Lost
18213,237,1,232.48000000000002,1,2,1,121,Lost
18215,89,1,299.34000000000003,2,2,2,222,Lost
18216,31,1,481.75,4,2,2,422,New Customer
18217,29,2,621.75,4,3,3,433,Loyal Customer
18218,211,2,662.08,1,3,3,133,At Risk
18219,3,10,2069.77,5,5,5,555,Champion
18220,227,1,305.28000000000003,1,2,2,122,Lost
18221,22,5,1041.61,4,4,4,444,Champion
18222,93,1,443.0,2,2,2,222,Lost
18223,5,14,6484.54,5,5,5,555,Champion
18224,264,1,158.95000000000002,1,2,1,121,Lost
18225,3,12,5509.12,5,5,5,555,Champion
18226,44,11,5228.05,3,5,5,355,Loyal Customer
18227,218,1,93.75,1,2,1,121,Lost
18228,57,2,779.9,3,3,3,333,Loyal Customer
18229,12,20,7276.900000000001,5,5,5,555,Champion
18230,9,7,2810.2000000000003,5,5,5,555,Champion
18231,192,5,2083.27,1,4,5,145,At Risk
18232,82,4,592.97,2,4,3,243,At Risk
18233,326,1,440.0,1,2,2,122,Lost
18235,72,3,1796.48,3,4,4,344,Loyal Customer
18236,30,6,882.24,4,5,3,453,Loyal Customer
18237,3,5,987.1,5,4,4,544,Champion
18239,219,5,1561.6100000000001,1,4,4,144,At Risk
18240,46,1,422.58,3,2,2,322,Promising
18241,10,17,2073.09,5,5,5,555,Champion
18242,72,4,2232.4900000000002,3,4,5,345,Loyal Customer
18245,7,7,2567.06,5,5,5,555,Champion
18246,24,2,596.1,4,3,3,433,Loyal Customer
18248,123,2,804.02,2,3,3,233,At Risk
18249,17,1,95.34,4,2,1,421,New Customer
18250,310,1,349.27,1,2,2,122,Lost
18251,87,1,4314.72,2,2,5,225,Cannot Lose Them
18252,51,2,526.67,3,3,3,333,Loyal Customer
18255,89,1,103.3,2,2,1,221,Lost
18257,39,8,2337.63,3,5,5,355,Loyal Customer
18259,25,3,2338.6000000000004,4,4,5,445,Champion
18260,173,6,2643.2000000000003,2,5,5,255,At Risk
18261,43,2,324.24,3,3,2,332,Loyal Customer
18262,140,1,149.48,2,2,1,221,Lost
18263,26,3,1213.1599999999999,4,4,4,444,Champion
18265,72,2,801.51,3,3,3,333,Loyal Customer
18268,134,1,25.5,2,2,1,221,Lost
18269,366,1,168.6,1,2,1,121,Lost
18270,38,2,283.15,3,3,2,332,Loyal Customer
18272,3,6,3078.58,5,5,5,555,Champion
18273,2,3,204.0,5,4,1,541,Loyal Customer
18274,30,1,175.92,4,2,1,421,New Customer
18276,44,1,335.86,3,2,2,322,Promising
18277,58,1,110.38,3,2,1,321,Promising
18278,74,1,173.9,2,2,1,221,Lost
18280,278,1,180.60000000000002,1,2,1,121,Lost
18281,181,1,80.82,1,2,1,121,Lost
18282,8,2,178.05,5,3,1,531,Loyal Customer
18283,4,16,2094.88,5,5,5,555,Champion
18287,43,3,1837.28,3,4,4,344,Loyal Customer
